{"status": "READY", "relations": [], "name": "review_26.txt", "language": "EN", "text": "repair done and the service was great and the price for parts still was reasonably priced. i will be back for any places and maintenance needs. thank you for the best customer servn't believe that that the staff there has been the best and was more than accommodating to quickly got me some one tire for a few minutes\n", "createdDate": 0, "typeResolved": true, "documentSet": [], "preannotation": ["PRE_LW"], "version": 3, "sentences": [{"tokens": [{"text": "repair", "begin": 0, "end": 6, "id": "s0-t0", "whiteSpace": false}, {"text": "done", "begin": 7, "end": 11, "id": "s0-t1", "whiteSpace": false}, {"text": "and", "begin": 12, "end": 15, "id": "s0-t2", "whiteSpace": false}, {"text": "the", "begin": 16, "end": 19, "id": "s0-t3", "whiteSpace": false}, {"text": "service", "begin": 20, "end": 27, "id": "s0-t4", "whiteSpace": false}, {"text": "was", "begin": 28, "end": 31, "id": "s0-t5", "whiteSpace": false}, {"text": "great", "begin": 32, "end": 37, "id": "s0-t6", "whiteSpace": false}, {"text": "and", "begin": 38, "end": 41, "id": "s0-t7", "whiteSpace": false}, {"text": "the", "begin": 42, "end": 45, "id": "s0-t8", "whiteSpace": false}, {"text": "price", "begin": 46, "end": 51, "id": "s0-t9", "whiteSpace": false}, {"text": "for", "begin": 52, "end": 55, "id": "s0-t10", "whiteSpace": false}, {"text": "parts", "begin": 56, "end": 61, "id": "s0-t11", "whiteSpace": false}, {"text": "still", "begin": 62, "end": 67, "id": "s0-t12", "whiteSpace": false}, {"text": "was", "begin": 68, "end": 71, "id": "s0-t13", "whiteSpace": false}, {"text": "reasonably", "begin": 72, "end": 82, "id": "s0-t14", "whiteSpace": false}, {"text": "priced", "begin": 83, "end": 89, "id": "s0-t15", "whiteSpace": false}, {"text": ".", "begin": 89, "end": 90, "id": "s0-t16", "whiteSpace": false}], "text": "repair done and the service was great and the price for parts still was reasonably priced.", "begin": 0, "end": 90, "id": "s0"}, {"tokens": [{"text": "i", "begin": 91, "end": 92, "id": "s1-t0", "whiteSpace": false}, {"text": "will", "begin": 93, "end": 97, "id": "s1-t1", "whiteSpace": false}, {"text": "be", "begin": 98, "end": 100, "id": "s1-t2", "whiteSpace": false}, {"text": "back", "begin": 101, "end": 105, "id": "s1-t3", "whiteSpace": false}, {"text": "for", "begin": 106, "end": 109, "id": "s1-t4", "whiteSpace": false}, {"text": "any", "begin": 110, "end": 113, "id": "s1-t5", "whiteSpace": false}, {"text": "places", "begin": 114, "end": 120, "id": "s1-t6", "whiteSpace": false}, {"text": "and", "begin": 121, "end": 124, "id": "s1-t7", "whiteSpace": false}, {"text": "maintenance", "begin": 125, "end": 136, "id": "s1-t8", "whiteSpace": false}, {"text": "needs", "begin": 137, "end": 142, "id": "s1-t9", "whiteSpace": false}, {"text": ".", "begin": 142, "end": 143, "id": "s1-t10", "whiteSpace": false}], "text": "i will be back for any places and maintenance needs.", "begin": 91, "end": 143, "id": "s1"}, {"tokens": [{"text": "thank", "begin": 144, "end": 149, "id": "s2-t0", "whiteSpace": false}, {"text": "you", "begin": 150, "end": 153, "id": "s2-t1", "whiteSpace": false}, {"text": "for", "begin": 154, "end": 157, "id": "s2-t2", "whiteSpace": false}, {"text": "the", "begin": 158, "end": 161, "id": "s2-t3", "whiteSpace": false}, {"text": "best", "begin": 162, "end": 166, "id": "s2-t4", "whiteSpace": false}, {"text": "customer", "begin": 167, "end": 175, "id": "s2-t5", "whiteSpace": false}, {"text": "serv", "begin": 176, "end": 180, "id": "s2-t6", "whiteSpace": false}, {"text": "n't", "begin": 180, "end": 183, "id": "s2-t7", "whiteSpace": false}, {"text": "believe", "begin": 184, "end": 191, "id": "s2-t8", "whiteSpace": false}, {"text": "that", "begin": 192, "end": 196, "id": "s2-t9", "whiteSpace": false}, {"text": "that", "begin": 197, "end": 201, "id": "s2-t10", "whiteSpace": false}, {"text": "the", "begin": 202, "end": 205, "id": "s2-t11", "whiteSpace": false}, {"text": "staff", "begin": 206, "end": 211, "id": "s2-t12", "whiteSpace": false}, {"text": "there", "begin": 212, "end": 217, "id": "s2-t13", "whiteSpace": false}, {"text": "has", "begin": 218, "end": 221, "id": "s2-t14", "whiteSpace": false}, {"text": "been", "begin": 222, "end": 226, "id": "s2-t15", "whiteSpace": false}, {"text": "the", "begin": 227, "end": 230, "id": "s2-t16", "whiteSpace": false}, {"text": "best", "begin": 231, "end": 235, "id": "s2-t17", "whiteSpace": false}, {"text": "and", "begin": 236, "end": 239, "id": "s2-t18", "whiteSpace": false}, {"text": "was", "begin": 240, "end": 243, "id": "s2-t19", "whiteSpace": false}, {"text": "more", "begin": 244, "end": 248, "id": "s2-t20", "whiteSpace": false}, {"text": "than", "begin": 249, "end": 253, "id": "s2-t21", "whiteSpace": false}, {"text": "accommodating", "begin": 254, "end": 267, "id": "s2-t22", "whiteSpace": false}, {"text": "to", "begin": 268, "end": 270, "id": "s2-t23", "whiteSpace": false}, {"text": "quickly", "begin": 271, "end": 278, "id": "s2-t24", "whiteSpace": false}, {"text": "got", "begin": 279, "end": 282, "id": "s2-t25", "whiteSpace": false}, {"text": "me", "begin": 283, "end": 285, "id": "s2-t26", "whiteSpace": false}, {"text": "some", "begin": 286, "end": 290, "id": "s2-t27", "whiteSpace": false}, {"text": "one", "begin": 291, "end": 294, "id": "s2-t28", "whiteSpace": false}, {"text": "tire", "begin": 295, "end": 299, "id": "s2-t29", "whiteSpace": false}, {"text": "for", "begin": 300, "end": 303, "id": "s2-t30", "whiteSpace": false}, {"text": "a", "begin": 304, "end": 305, "id": "s2-t31", "whiteSpace": false}, {"text": "few", "begin": 306, "end": 309, "id": "s2-t32", "whiteSpace": false}, {"text": "minutes", "begin": 310, "end": 317, "id": "s2-t33", "whiteSpace": false}], "text": "thank you for the best customer servn't believe that that the staff there has been the best and was more than accommodating to quickly got me some one tire for a few minutes", "begin": 144, "end": 317, "id": "s2"}], "modifiedDate": 1590525833573, "docLength": 0, "mentions": [{"begin": 295, "end": 299, "inCoref": false, "properties": {"SIRE_ENTITY_SUBTYPE": "Tires", "SIRE_MENTION_TYPE": "Repair", "SIRE_MENTION_CLASS": "SPC", "SIRE_MENTION_ROLE": "Repair"}, "source": "PREANNOTATION", "type": "Repair", "id": "m1"}], "corefs": [], "id": "8a2a6550-9f91-11ea-9fed-efe5f3c36d5e-25", "userResolved": false}