{"status": "READY", "relations": [], "name": "review_51.txt", "language": "EN", "text": "i would definitely recommend them to anyone looking to get your windows tinted here. he is always friendly and helpful.  great service. i was in and out in less than the same day\n", "createdDate": 0, "typeResolved": true, "documentSet": [], "preannotation": ["PRE_LW"], "version": 3, "sentences": [{"tokens": [{"text": "i", "begin": 0, "end": 1, "id": "s0-t0", "whiteSpace": false}, {"text": "would", "begin": 2, "end": 7, "id": "s0-t1", "whiteSpace": false}, {"text": "definitely", "begin": 8, "end": 18, "id": "s0-t2", "whiteSpace": false}, {"text": "recommend", "begin": 19, "end": 28, "id": "s0-t3", "whiteSpace": false}, {"text": "them", "begin": 29, "end": 33, "id": "s0-t4", "whiteSpace": false}, {"text": "to", "begin": 34, "end": 36, "id": "s0-t5", "whiteSpace": false}, {"text": "anyone", "begin": 37, "end": 43, "id": "s0-t6", "whiteSpace": false}, {"text": "looking", "begin": 44, "end": 51, "id": "s0-t7", "whiteSpace": false}, {"text": "to", "begin": 52, "end": 54, "id": "s0-t8", "whiteSpace": false}, {"text": "get", "begin": 55, "end": 58, "id": "s0-t9", "whiteSpace": false}, {"text": "your", "begin": 59, "end": 63, "id": "s0-t10", "whiteSpace": false}, {"text": "windows", "begin": 64, "end": 71, "id": "s0-t11", "whiteSpace": false}, {"text": "tinted", "begin": 72, "end": 78, "id": "s0-t12", "whiteSpace": false}, {"text": "here", "begin": 79, "end": 83, "id": "s0-t13", "whiteSpace": false}, {"text": ".", "begin": 83, "end": 84, "id": "s0-t14", "whiteSpace": false}], "text": "i would definitely recommend them to anyone looking to get your windows tinted here.", "begin": 0, "end": 84, "id": "s0"}, {"tokens": [{"text": "he", "begin": 85, "end": 87, "id": "s1-t0", "whiteSpace": false}, {"text": "is", "begin": 88, "end": 90, "id": "s1-t1", "whiteSpace": false}, {"text": "always", "begin": 91, "end": 97, "id": "s1-t2", "whiteSpace": false}, {"text": "friendly", "begin": 98, "end": 106, "id": "s1-t3", "whiteSpace": false}, {"text": "and", "begin": 107, "end": 110, "id": "s1-t4", "whiteSpace": false}, {"text": "helpful", "begin": 111, "end": 118, "id": "s1-t5", "whiteSpace": false}, {"text": ".", "begin": 118, "end": 119, "id": "s1-t6", "whiteSpace": false}], "text": "he is always friendly and helpful.", "begin": 85, "end": 119, "id": "s1"}, {"tokens": [{"text": "great", "begin": 121, "end": 126, "id": "s2-t0", "whiteSpace": false}, {"text": "service", "begin": 127, "end": 134, "id": "s2-t1", "whiteSpace": false}, {"text": ".", "begin": 134, "end": 135, "id": "s2-t2", "whiteSpace": false}], "text": "great service.", "begin": 121, "end": 135, "id": "s2"}, {"tokens": [{"text": "i", "begin": 136, "end": 137, "id": "s3-t0", "whiteSpace": false}, {"text": "was", "begin": 138, "end": 141, "id": "s3-t1", "whiteSpace": false}, {"text": "in", "begin": 142, "end": 144, "id": "s3-t2", "whiteSpace": false}, {"text": "and", "begin": 145, "end": 148, "id": "s3-t3", "whiteSpace": false}, {"text": "out", "begin": 149, "end": 152, "id": "s3-t4", "whiteSpace": false}, {"text": "in", "begin": 153, "end": 155, "id": "s3-t5", "whiteSpace": false}, {"text": "less", "begin": 156, "end": 160, "id": "s3-t6", "whiteSpace": false}, {"text": "than", "begin": 161, "end": 165, "id": "s3-t7", "whiteSpace": false}, {"text": "the", "begin": 166, "end": 169, "id": "s3-t8", "whiteSpace": false}, {"text": "same", "begin": 170, "end": 174, "id": "s3-t9", "whiteSpace": false}, {"text": "day", "begin": 175, "end": 178, "id": "s3-t10", "whiteSpace": false}], "text": "i was in and out in less than the same day", "begin": 136, "end": 178, "id": "s3"}], "modifiedDate": 1590525833573, "docLength": 0, "mentions": [], "corefs": [], "id": "8a2a6550-9f91-11ea-9fed-efe5f3c36d5e-50", "userResolved": false}