{"status": "READY", "relations": [], "name": "review_15.txt", "language": "EN", "text": "great service and installed up the patch in a tire. the customer service was good, great price with a friendly guy. i highly recommend this place!\n", "createdDate": 0, "typeResolved": true, "documentSet": [], "preannotation": ["PRE_LW"], "version": 3, "sentences": [{"tokens": [{"text": "great", "begin": 0, "end": 5, "id": "s0-t0", "whiteSpace": false}, {"text": "service", "begin": 6, "end": 13, "id": "s0-t1", "whiteSpace": false}, {"text": "and", "begin": 14, "end": 17, "id": "s0-t2", "whiteSpace": false}, {"text": "installed", "begin": 18, "end": 27, "id": "s0-t3", "whiteSpace": false}, {"text": "up", "begin": 28, "end": 30, "id": "s0-t4", "whiteSpace": false}, {"text": "the", "begin": 31, "end": 34, "id": "s0-t5", "whiteSpace": false}, {"text": "patch", "begin": 35, "end": 40, "id": "s0-t6", "whiteSpace": false}, {"text": "in", "begin": 41, "end": 43, "id": "s0-t7", "whiteSpace": false}, {"text": "a", "begin": 44, "end": 45, "id": "s0-t8", "whiteSpace": false}, {"text": "tire", "begin": 46, "end": 50, "id": "s0-t9", "whiteSpace": false}, {"text": ".", "begin": 50, "end": 51, "id": "s0-t10", "whiteSpace": false}], "text": "great service and installed up the patch in a tire.", "begin": 0, "end": 51, "id": "s0"}, {"tokens": [{"text": "the", "begin": 52, "end": 55, "id": "s1-t0", "whiteSpace": false}, {"text": "customer", "begin": 56, "end": 64, "id": "s1-t1", "whiteSpace": false}, {"text": "service", "begin": 65, "end": 72, "id": "s1-t2", "whiteSpace": false}, {"text": "was", "begin": 73, "end": 76, "id": "s1-t3", "whiteSpace": false}, {"text": "good", "begin": 77, "end": 81, "id": "s1-t4", "whiteSpace": false}, {"text": ",", "begin": 81, "end": 82, "id": "s1-t5", "whiteSpace": false}, {"text": "great", "begin": 83, "end": 88, "id": "s1-t6", "whiteSpace": false}, {"text": "price", "begin": 89, "end": 94, "id": "s1-t7", "whiteSpace": false}, {"text": "with", "begin": 95, "end": 99, "id": "s1-t8", "whiteSpace": false}, {"text": "a", "begin": 100, "end": 101, "id": "s1-t9", "whiteSpace": false}, {"text": "friendly", "begin": 102, "end": 110, "id": "s1-t10", "whiteSpace": false}, {"text": "guy", "begin": 111, "end": 114, "id": "s1-t11", "whiteSpace": false}, {"text": ".", "begin": 114, "end": 115, "id": "s1-t12", "whiteSpace": false}], "text": "the customer service was good, great price with a friendly guy.", "begin": 52, "end": 115, "id": "s1"}, {"tokens": [{"text": "i", "begin": 116, "end": 117, "id": "s2-t0", "whiteSpace": false}, {"text": "highly", "begin": 118, "end": 124, "id": "s2-t1", "whiteSpace": false}, {"text": "recommend", "begin": 125, "end": 134, "id": "s2-t2", "whiteSpace": false}, {"text": "this", "begin": 135, "end": 139, "id": "s2-t3", "whiteSpace": false}, {"text": "place", "begin": 140, "end": 145, "id": "s2-t4", "whiteSpace": false}, {"text": "!", "begin": 145, "end": 146, "id": "s2-t5", "whiteSpace": false}], "text": "i highly recommend this place!", "begin": 116, "end": 146, "id": "s2"}], "modifiedDate": 1590525833573, "docLength": 0, "mentions": [{"begin": 35, "end": 40, "inCoref": false, "properties": {"SIRE_ENTITY_SUBTYPE": "Tires", "SIRE_MENTION_TYPE": "Repair", "SIRE_MENTION_CLASS": "SPC", "SIRE_MENTION_ROLE": "Repair"}, "source": "PREANNOTATION", "type": "Repair", "id": "m1"}, {"begin": 46, "end": 50, "inCoref": false, "properties": {"SIRE_ENTITY_SUBTYPE": "Tires", "SIRE_MENTION_TYPE": "Repair", "SIRE_MENTION_CLASS": "SPC", "SIRE_MENTION_ROLE": "Repair"}, "source": "PREANNOTATION", "type": "Repair", "id": "m2"}], "corefs": [], "id": "8a2a6550-9f91-11ea-9fed-efe5f3c36d5e-14", "userResolved": false}