{"status": "READY", "relations": [], "name": "review_21.txt", "language": "EN", "text": "they always go above and beyond. i will definitely be back for my next set of tires.\n", "createdDate": 0, "typeResolved": true, "documentSet": [], "preannotation": ["PRE_LW"], "version": 3, "sentences": [{"tokens": [{"text": "they", "begin": 0, "end": 4, "id": "s0-t0", "whiteSpace": false}, {"text": "always", "begin": 5, "end": 11, "id": "s0-t1", "whiteSpace": false}, {"text": "go", "begin": 12, "end": 14, "id": "s0-t2", "whiteSpace": false}, {"text": "above", "begin": 15, "end": 20, "id": "s0-t3", "whiteSpace": false}, {"text": "and", "begin": 21, "end": 24, "id": "s0-t4", "whiteSpace": false}, {"text": "beyond", "begin": 25, "end": 31, "id": "s0-t5", "whiteSpace": false}, {"text": ".", "begin": 31, "end": 32, "id": "s0-t6", "whiteSpace": false}], "text": "they always go above and beyond.", "begin": 0, "end": 32, "id": "s0"}, {"tokens": [{"text": "i", "begin": 33, "end": 34, "id": "s1-t0", "whiteSpace": false}, {"text": "will", "begin": 35, "end": 39, "id": "s1-t1", "whiteSpace": false}, {"text": "definitely", "begin": 40, "end": 50, "id": "s1-t2", "whiteSpace": false}, {"text": "be", "begin": 51, "end": 53, "id": "s1-t3", "whiteSpace": false}, {"text": "back", "begin": 54, "end": 58, "id": "s1-t4", "whiteSpace": false}, {"text": "for", "begin": 59, "end": 62, "id": "s1-t5", "whiteSpace": false}, {"text": "my", "begin": 63, "end": 65, "id": "s1-t6", "whiteSpace": false}, {"text": "next", "begin": 66, "end": 70, "id": "s1-t7", "whiteSpace": false}, {"text": "set", "begin": 71, "end": 74, "id": "s1-t8", "whiteSpace": false}, {"text": "of", "begin": 75, "end": 77, "id": "s1-t9", "whiteSpace": false}, {"text": "tires", "begin": 78, "end": 83, "id": "s1-t10", "whiteSpace": false}, {"text": ".", "begin": 83, "end": 84, "id": "s1-t11", "whiteSpace": false}], "text": "i will definitely be back for my next set of tires.", "begin": 33, "end": 84, "id": "s1"}], "modifiedDate": 1590525833573, "docLength": 0, "mentions": [{"begin": 78, "end": 83, "inCoref": false, "properties": {"SIRE_ENTITY_SUBTYPE": "Tires", "SIRE_MENTION_TYPE": "Repair", "SIRE_MENTION_CLASS": "SPC", "SIRE_MENTION_ROLE": "Repair"}, "source": "PREANNOTATION", "type": "Repair", "id": "m1"}], "corefs": [], "id": "8a2a6550-9f91-11ea-9fed-efe5f3c36d5e-20", "userResolved": false}