{"status": "READY", "relations": [], "name": "review_66.txt", "language": "EN", "text": "the guys here are so nice and helpful and efficient. i will definitely be back for any other maintenance needs.\n", "createdDate": 0, "typeResolved": true, "documentSet": [], "preannotation": ["PRE_LW"], "version": 3, "sentences": [{"tokens": [{"text": "the", "begin": 0, "end": 3, "id": "s0-t0", "whiteSpace": false}, {"text": "guys", "begin": 4, "end": 8, "id": "s0-t1", "whiteSpace": false}, {"text": "here", "begin": 9, "end": 13, "id": "s0-t2", "whiteSpace": false}, {"text": "are", "begin": 14, "end": 17, "id": "s0-t3", "whiteSpace": false}, {"text": "so", "begin": 18, "end": 20, "id": "s0-t4", "whiteSpace": false}, {"text": "nice", "begin": 21, "end": 25, "id": "s0-t5", "whiteSpace": false}, {"text": "and", "begin": 26, "end": 29, "id": "s0-t6", "whiteSpace": false}, {"text": "helpful", "begin": 30, "end": 37, "id": "s0-t7", "whiteSpace": false}, {"text": "and", "begin": 38, "end": 41, "id": "s0-t8", "whiteSpace": false}, {"text": "efficient", "begin": 42, "end": 51, "id": "s0-t9", "whiteSpace": false}, {"text": ".", "begin": 51, "end": 52, "id": "s0-t10", "whiteSpace": false}], "text": "the guys here are so nice and helpful and efficient.", "begin": 0, "end": 52, "id": "s0"}, {"tokens": [{"text": "i", "begin": 53, "end": 54, "id": "s1-t0", "whiteSpace": false}, {"text": "will", "begin": 55, "end": 59, "id": "s1-t1", "whiteSpace": false}, {"text": "definitely", "begin": 60, "end": 70, "id": "s1-t2", "whiteSpace": false}, {"text": "be", "begin": 71, "end": 73, "id": "s1-t3", "whiteSpace": false}, {"text": "back", "begin": 74, "end": 78, "id": "s1-t4", "whiteSpace": false}, {"text": "for", "begin": 79, "end": 82, "id": "s1-t5", "whiteSpace": false}, {"text": "any", "begin": 83, "end": 86, "id": "s1-t6", "whiteSpace": false}, {"text": "other", "begin": 87, "end": 92, "id": "s1-t7", "whiteSpace": false}, {"text": "maintenance", "begin": 93, "end": 104, "id": "s1-t8", "whiteSpace": false}, {"text": "needs", "begin": 105, "end": 110, "id": "s1-t9", "whiteSpace": false}, {"text": ".", "begin": 110, "end": 111, "id": "s1-t10", "whiteSpace": false}], "text": "i will definitely be back for any other maintenance needs.", "begin": 53, "end": 111, "id": "s1"}], "modifiedDate": 1590525833573, "docLength": 0, "mentions": [], "corefs": [], "id": "8a2a6550-9f91-11ea-9fed-efe5f3c36d5e-65", "userResolved": false}