{"status": "READY", "relations": [], "name": "review_31.txt", "language": "EN", "text": "it was the best place to get my car washed\n", "createdDate": 0, "typeResolved": true, "documentSet": [], "preannotation": ["PRE_LW"], "version": 3, "sentences": [{"tokens": [{"text": "it", "begin": 0, "end": 2, "id": "s0-t0", "whiteSpace": false}, {"text": "was", "begin": 3, "end": 6, "id": "s0-t1", "whiteSpace": false}, {"text": "the", "begin": 7, "end": 10, "id": "s0-t2", "whiteSpace": false}, {"text": "best", "begin": 11, "end": 15, "id": "s0-t3", "whiteSpace": false}, {"text": "place", "begin": 16, "end": 21, "id": "s0-t4", "whiteSpace": false}, {"text": "to", "begin": 22, "end": 24, "id": "s0-t5", "whiteSpace": false}, {"text": "get", "begin": 25, "end": 28, "id": "s0-t6", "whiteSpace": false}, {"text": "my", "begin": 29, "end": 31, "id": "s0-t7", "whiteSpace": false}, {"text": "car", "begin": 32, "end": 35, "id": "s0-t8", "whiteSpace": false}, {"text": "washed", "begin": 36, "end": 42, "id": "s0-t9", "whiteSpace": false}], "text": "it was the best place to get my car washed", "begin": 0, "end": 42, "id": "s0"}], "modifiedDate": 1590525833573, "docLength": 0, "mentions": [], "corefs": [], "id": "8a2a6550-9f91-11ea-9fed-efe5f3c36d5e-30", "userResolved": false}