{"status": "READY", "relations": [], "name": "review_30.txt", "language": "EN", "text": "i have been to definitely be a returning customer for years now and i have been here for a timely manner. they are always friendly and knowledge needs. i have been here a few months ago, i would recommend them to anyone who is getting all the best service i have ever been to.\n", "createdDate": 0, "typeResolved": true, "documentSet": [], "preannotation": ["PRE_LW"], "version": 3, "sentences": [{"tokens": [{"text": "i", "begin": 0, "end": 1, "id": "s0-t0", "whiteSpace": false}, {"text": "have", "begin": 2, "end": 6, "id": "s0-t1", "whiteSpace": false}, {"text": "been", "begin": 7, "end": 11, "id": "s0-t2", "whiteSpace": false}, {"text": "to", "begin": 12, "end": 14, "id": "s0-t3", "whiteSpace": false}, {"text": "definitely", "begin": 15, "end": 25, "id": "s0-t4", "whiteSpace": false}, {"text": "be", "begin": 26, "end": 28, "id": "s0-t5", "whiteSpace": false}, {"text": "a", "begin": 29, "end": 30, "id": "s0-t6", "whiteSpace": false}, {"text": "returning", "begin": 31, "end": 40, "id": "s0-t7", "whiteSpace": false}, {"text": "customer", "begin": 41, "end": 49, "id": "s0-t8", "whiteSpace": false}, {"text": "for", "begin": 50, "end": 53, "id": "s0-t9", "whiteSpace": false}, {"text": "years", "begin": 54, "end": 59, "id": "s0-t10", "whiteSpace": false}, {"text": "now", "begin": 60, "end": 63, "id": "s0-t11", "whiteSpace": false}, {"text": "and", "begin": 64, "end": 67, "id": "s0-t12", "whiteSpace": false}, {"text": "i", "begin": 68, "end": 69, "id": "s0-t13", "whiteSpace": false}, {"text": "have", "begin": 70, "end": 74, "id": "s0-t14", "whiteSpace": false}, {"text": "been", "begin": 75, "end": 79, "id": "s0-t15", "whiteSpace": false}, {"text": "here", "begin": 80, "end": 84, "id": "s0-t16", "whiteSpace": false}, {"text": "for", "begin": 85, "end": 88, "id": "s0-t17", "whiteSpace": false}, {"text": "a", "begin": 89, "end": 90, "id": "s0-t18", "whiteSpace": false}, {"text": "timely", "begin": 91, "end": 97, "id": "s0-t19", "whiteSpace": false}, {"text": "manner", "begin": 98, "end": 104, "id": "s0-t20", "whiteSpace": false}, {"text": ".", "begin": 104, "end": 105, "id": "s0-t21", "whiteSpace": false}], "text": "i have been to definitely be a returning customer for years now and i have been here for a timely manner.", "begin": 0, "end": 105, "id": "s0"}, {"tokens": [{"text": "they", "begin": 106, "end": 110, "id": "s1-t0", "whiteSpace": false}, {"text": "are", "begin": 111, "end": 114, "id": "s1-t1", "whiteSpace": false}, {"text": "always", "begin": 115, "end": 121, "id": "s1-t2", "whiteSpace": false}, {"text": "friendly", "begin": 122, "end": 130, "id": "s1-t3", "whiteSpace": false}, {"text": "and", "begin": 131, "end": 134, "id": "s1-t4", "whiteSpace": false}, {"text": "knowledge", "begin": 135, "end": 144, "id": "s1-t5", "whiteSpace": false}, {"text": "needs", "begin": 145, "end": 150, "id": "s1-t6", "whiteSpace": false}, {"text": ".", "begin": 150, "end": 151, "id": "s1-t7", "whiteSpace": false}], "text": "they are always friendly and knowledge needs.", "begin": 106, "end": 151, "id": "s1"}, {"tokens": [{"text": "i", "begin": 152, "end": 153, "id": "s2-t0", "whiteSpace": false}, {"text": "have", "begin": 154, "end": 158, "id": "s2-t1", "whiteSpace": false}, {"text": "been", "begin": 159, "end": 163, "id": "s2-t2", "whiteSpace": false}, {"text": "here", "begin": 164, "end": 168, "id": "s2-t3", "whiteSpace": false}, {"text": "a", "begin": 169, "end": 170, "id": "s2-t4", "whiteSpace": false}, {"text": "few", "begin": 171, "end": 174, "id": "s2-t5", "whiteSpace": false}, {"text": "months", "begin": 175, "end": 181, "id": "s2-t6", "whiteSpace": false}, {"text": "ago", "begin": 182, "end": 185, "id": "s2-t7", "whiteSpace": false}, {"text": ",", "begin": 185, "end": 186, "id": "s2-t8", "whiteSpace": false}, {"text": "i", "begin": 187, "end": 188, "id": "s2-t9", "whiteSpace": false}, {"text": "would", "begin": 189, "end": 194, "id": "s2-t10", "whiteSpace": false}, {"text": "recommend", "begin": 195, "end": 204, "id": "s2-t11", "whiteSpace": false}, {"text": "them", "begin": 205, "end": 209, "id": "s2-t12", "whiteSpace": false}, {"text": "to", "begin": 210, "end": 212, "id": "s2-t13", "whiteSpace": false}, {"text": "anyone", "begin": 213, "end": 219, "id": "s2-t14", "whiteSpace": false}, {"text": "who", "begin": 220, "end": 223, "id": "s2-t15", "whiteSpace": false}, {"text": "is", "begin": 224, "end": 226, "id": "s2-t16", "whiteSpace": false}, {"text": "getting", "begin": 227, "end": 234, "id": "s2-t17", "whiteSpace": false}, {"text": "all", "begin": 235, "end": 238, "id": "s2-t18", "whiteSpace": false}, {"text": "the", "begin": 239, "end": 242, "id": "s2-t19", "whiteSpace": false}, {"text": "best", "begin": 243, "end": 247, "id": "s2-t20", "whiteSpace": false}, {"text": "service", "begin": 248, "end": 255, "id": "s2-t21", "whiteSpace": false}, {"text": "i", "begin": 256, "end": 257, "id": "s2-t22", "whiteSpace": false}, {"text": "have", "begin": 258, "end": 262, "id": "s2-t23", "whiteSpace": false}, {"text": "ever", "begin": 263, "end": 267, "id": "s2-t24", "whiteSpace": false}, {"text": "been", "begin": 268, "end": 272, "id": "s2-t25", "whiteSpace": false}, {"text": "to", "begin": 273, "end": 275, "id": "s2-t26", "whiteSpace": false}, {"text": ".", "begin": 275, "end": 276, "id": "s2-t27", "whiteSpace": false}], "text": "i have been here a few months ago, i would recommend them to anyone who is getting all the best service i have ever been to.", "begin": 152, "end": 276, "id": "s2"}], "modifiedDate": 1590525833573, "docLength": 0, "mentions": [], "corefs": [], "id": "8a2a6550-9f91-11ea-9fed-efe5f3c36d5e-29", "userResolved": false}