{"status": "READY", "relations": [], "name": "review_34.txt", "language": "EN", "text": "they do a great job on my car. very professional and convenient. every time the entire staff was friendly and i will be back\n", "createdDate": 0, "typeResolved": true, "documentSet": [], "preannotation": ["PRE_LW"], "version": 3, "sentences": [{"tokens": [{"text": "they", "begin": 0, "end": 4, "id": "s0-t0", "whiteSpace": false}, {"text": "do", "begin": 5, "end": 7, "id": "s0-t1", "whiteSpace": false}, {"text": "a", "begin": 8, "end": 9, "id": "s0-t2", "whiteSpace": false}, {"text": "great", "begin": 10, "end": 15, "id": "s0-t3", "whiteSpace": false}, {"text": "job", "begin": 16, "end": 19, "id": "s0-t4", "whiteSpace": false}, {"text": "on", "begin": 20, "end": 22, "id": "s0-t5", "whiteSpace": false}, {"text": "my", "begin": 23, "end": 25, "id": "s0-t6", "whiteSpace": false}, {"text": "car", "begin": 26, "end": 29, "id": "s0-t7", "whiteSpace": false}, {"text": ".", "begin": 29, "end": 30, "id": "s0-t8", "whiteSpace": false}], "text": "they do a great job on my car.", "begin": 0, "end": 30, "id": "s0"}, {"tokens": [{"text": "very", "begin": 31, "end": 35, "id": "s1-t0", "whiteSpace": false}, {"text": "professional", "begin": 36, "end": 48, "id": "s1-t1", "whiteSpace": false}, {"text": "and", "begin": 49, "end": 52, "id": "s1-t2", "whiteSpace": false}, {"text": "convenient", "begin": 53, "end": 63, "id": "s1-t3", "whiteSpace": false}, {"text": ".", "begin": 63, "end": 64, "id": "s1-t4", "whiteSpace": false}], "text": "very professional and convenient.", "begin": 31, "end": 64, "id": "s1"}, {"tokens": [{"text": "every", "begin": 65, "end": 70, "id": "s2-t0", "whiteSpace": false}, {"text": "time", "begin": 71, "end": 75, "id": "s2-t1", "whiteSpace": false}, {"text": "the", "begin": 76, "end": 79, "id": "s2-t2", "whiteSpace": false}, {"text": "entire", "begin": 80, "end": 86, "id": "s2-t3", "whiteSpace": false}, {"text": "staff", "begin": 87, "end": 92, "id": "s2-t4", "whiteSpace": false}, {"text": "was", "begin": 93, "end": 96, "id": "s2-t5", "whiteSpace": false}, {"text": "friendly", "begin": 97, "end": 105, "id": "s2-t6", "whiteSpace": false}, {"text": "and", "begin": 106, "end": 109, "id": "s2-t7", "whiteSpace": false}, {"text": "i", "begin": 110, "end": 111, "id": "s2-t8", "whiteSpace": false}, {"text": "will", "begin": 112, "end": 116, "id": "s2-t9", "whiteSpace": false}, {"text": "be", "begin": 117, "end": 119, "id": "s2-t10", "whiteSpace": false}, {"text": "back", "begin": 120, "end": 124, "id": "s2-t11", "whiteSpace": false}], "text": "every time the entire staff was friendly and i will be back", "begin": 65, "end": 124, "id": "s2"}], "modifiedDate": 1590525833573, "docLength": 0, "mentions": [], "corefs": [], "id": "8a2a6550-9f91-11ea-9fed-efe5f3c36d5e-33", "userResolved": false}