{"status": "READY", "relations": [], "name": "review_25.txt", "language": "EN", "text": "she was very professional and friendly and took communication and were able to get my car out back on the road\n", "createdDate": 0, "typeResolved": true, "documentSet": [], "preannotation": ["PRE_LW"], "version": 3, "sentences": [{"tokens": [{"text": "she", "begin": 0, "end": 3, "id": "s0-t0", "whiteSpace": false}, {"text": "was", "begin": 4, "end": 7, "id": "s0-t1", "whiteSpace": false}, {"text": "very", "begin": 8, "end": 12, "id": "s0-t2", "whiteSpace": false}, {"text": "professional", "begin": 13, "end": 25, "id": "s0-t3", "whiteSpace": false}, {"text": "and", "begin": 26, "end": 29, "id": "s0-t4", "whiteSpace": false}, {"text": "friendly", "begin": 30, "end": 38, "id": "s0-t5", "whiteSpace": false}, {"text": "and", "begin": 39, "end": 42, "id": "s0-t6", "whiteSpace": false}, {"text": "took", "begin": 43, "end": 47, "id": "s0-t7", "whiteSpace": false}, {"text": "communication", "begin": 48, "end": 61, "id": "s0-t8", "whiteSpace": false}, {"text": "and", "begin": 62, "end": 65, "id": "s0-t9", "whiteSpace": false}, {"text": "were", "begin": 66, "end": 70, "id": "s0-t10", "whiteSpace": false}, {"text": "able", "begin": 71, "end": 75, "id": "s0-t11", "whiteSpace": false}, {"text": "to", "begin": 76, "end": 78, "id": "s0-t12", "whiteSpace": false}, {"text": "get", "begin": 79, "end": 82, "id": "s0-t13", "whiteSpace": false}, {"text": "my", "begin": 83, "end": 85, "id": "s0-t14", "whiteSpace": false}, {"text": "car", "begin": 86, "end": 89, "id": "s0-t15", "whiteSpace": false}, {"text": "out", "begin": 90, "end": 93, "id": "s0-t16", "whiteSpace": false}, {"text": "back", "begin": 94, "end": 98, "id": "s0-t17", "whiteSpace": false}, {"text": "on", "begin": 99, "end": 101, "id": "s0-t18", "whiteSpace": false}, {"text": "the", "begin": 102, "end": 105, "id": "s0-t19", "whiteSpace": false}, {"text": "road", "begin": 106, "end": 110, "id": "s0-t20", "whiteSpace": false}], "text": "she was very professional and friendly and took communication and were able to get my car out back on the road", "begin": 0, "end": 110, "id": "s0"}], "modifiedDate": 1590525833573, "docLength": 0, "mentions": [], "corefs": [], "id": "8a2a6550-9f91-11ea-9fed-efe5f3c36d5e-24", "userResolved": false}