{"status": "READY", "relations": [], "name": "review_71.txt", "language": "EN", "text": "i was in and out in an hour. they were able to fix my windshield and was very impressed with the price and the service was great.\n", "createdDate": 0, "typeResolved": true, "documentSet": [], "preannotation": ["PRE_LW"], "version": 3, "sentences": [{"tokens": [{"text": "i", "begin": 0, "end": 1, "id": "s0-t0", "whiteSpace": false}, {"text": "was", "begin": 2, "end": 5, "id": "s0-t1", "whiteSpace": false}, {"text": "in", "begin": 6, "end": 8, "id": "s0-t2", "whiteSpace": false}, {"text": "and", "begin": 9, "end": 12, "id": "s0-t3", "whiteSpace": false}, {"text": "out", "begin": 13, "end": 16, "id": "s0-t4", "whiteSpace": false}, {"text": "in", "begin": 17, "end": 19, "id": "s0-t5", "whiteSpace": false}, {"text": "an", "begin": 20, "end": 22, "id": "s0-t6", "whiteSpace": false}, {"text": "hour", "begin": 23, "end": 27, "id": "s0-t7", "whiteSpace": false}, {"text": ".", "begin": 27, "end": 28, "id": "s0-t8", "whiteSpace": false}], "text": "i was in and out in an hour.", "begin": 0, "end": 28, "id": "s0"}, {"tokens": [{"text": "they", "begin": 29, "end": 33, "id": "s1-t0", "whiteSpace": false}, {"text": "were", "begin": 34, "end": 38, "id": "s1-t1", "whiteSpace": false}, {"text": "able", "begin": 39, "end": 43, "id": "s1-t2", "whiteSpace": false}, {"text": "to", "begin": 44, "end": 46, "id": "s1-t3", "whiteSpace": false}, {"text": "fix", "begin": 47, "end": 50, "id": "s1-t4", "whiteSpace": false}, {"text": "my", "begin": 51, "end": 53, "id": "s1-t5", "whiteSpace": false}, {"text": "windshield", "begin": 54, "end": 64, "id": "s1-t6", "whiteSpace": false}, {"text": "and", "begin": 65, "end": 68, "id": "s1-t7", "whiteSpace": false}, {"text": "was", "begin": 69, "end": 72, "id": "s1-t8", "whiteSpace": false}, {"text": "very", "begin": 73, "end": 77, "id": "s1-t9", "whiteSpace": false}, {"text": "impressed", "begin": 78, "end": 87, "id": "s1-t10", "whiteSpace": false}, {"text": "with", "begin": 88, "end": 92, "id": "s1-t11", "whiteSpace": false}, {"text": "the", "begin": 93, "end": 96, "id": "s1-t12", "whiteSpace": false}, {"text": "price", "begin": 97, "end": 102, "id": "s1-t13", "whiteSpace": false}, {"text": "and", "begin": 103, "end": 106, "id": "s1-t14", "whiteSpace": false}, {"text": "the", "begin": 107, "end": 110, "id": "s1-t15", "whiteSpace": false}, {"text": "service", "begin": 111, "end": 118, "id": "s1-t16", "whiteSpace": false}, {"text": "was", "begin": 119, "end": 122, "id": "s1-t17", "whiteSpace": false}, {"text": "great", "begin": 123, "end": 128, "id": "s1-t18", "whiteSpace": false}, {"text": ".", "begin": 128, "end": 129, "id": "s1-t19", "whiteSpace": false}], "text": "they were able to fix my windshield and was very impressed with the price and the service was great.", "begin": 29, "end": 129, "id": "s1"}], "modifiedDate": 1590525833573, "docLength": 0, "mentions": [{"begin": 54, "end": 64, "inCoref": false, "properties": {"SIRE_ENTITY_SUBTYPE": "Glass", "SIRE_MENTION_TYPE": "Repair", "SIRE_MENTION_CLASS": "SPC", "SIRE_MENTION_ROLE": "Repair"}, "source": "PREANNOTATION", "type": "Repair", "id": "m1"}], "corefs": [], "id": "8a2a6550-9f91-11ea-9fed-efe5f3c36d5e-70", "userResolved": false}