{"status": "READY", "relations": [], "name": "review_2.txt", "language": "EN", "text": "\"I went to joe's auto mechanic shop to get my windows replaced, they did a great job\"\n", "createdDate": 0, "typeResolved": true, "documentSet": [], "preannotation": ["PRE_LW"], "version": 3, "sentences": [{"tokens": [{"text": "\"", "begin": 0, "end": 1, "id": "s0-t0", "whiteSpace": false}, {"text": "I", "begin": 1, "end": 2, "id": "s0-t1", "whiteSpace": false}, {"text": "went", "begin": 3, "end": 7, "id": "s0-t2", "whiteSpace": false}, {"text": "to", "begin": 8, "end": 10, "id": "s0-t3", "whiteSpace": false}, {"text": "joe", "begin": 11, "end": 14, "id": "s0-t4", "whiteSpace": false}, {"text": "'s", "begin": 14, "end": 16, "id": "s0-t5", "whiteSpace": false}, {"text": "auto", "begin": 17, "end": 21, "id": "s0-t6", "whiteSpace": false}, {"text": "mechanic", "begin": 22, "end": 30, "id": "s0-t7", "whiteSpace": false}, {"text": "shop", "begin": 31, "end": 35, "id": "s0-t8", "whiteSpace": false}, {"text": "to", "begin": 36, "end": 38, "id": "s0-t9", "whiteSpace": false}, {"text": "get", "begin": 39, "end": 42, "id": "s0-t10", "whiteSpace": false}, {"text": "my", "begin": 43, "end": 45, "id": "s0-t11", "whiteSpace": false}, {"text": "windows", "begin": 46, "end": 53, "id": "s0-t12", "whiteSpace": false}, {"text": "replaced", "begin": 54, "end": 62, "id": "s0-t13", "whiteSpace": false}, {"text": ",", "begin": 62, "end": 63, "id": "s0-t14", "whiteSpace": false}, {"text": "they", "begin": 64, "end": 68, "id": "s0-t15", "whiteSpace": false}, {"text": "did", "begin": 69, "end": 72, "id": "s0-t16", "whiteSpace": false}, {"text": "a", "begin": 73, "end": 74, "id": "s0-t17", "whiteSpace": false}, {"text": "great", "begin": 75, "end": 80, "id": "s0-t18", "whiteSpace": false}, {"text": "job", "begin": 81, "end": 84, "id": "s0-t19", "whiteSpace": false}, {"text": "\"", "begin": 84, "end": 85, "id": "s0-t20", "whiteSpace": false}], "text": "\"I went to joe's auto mechanic shop to get my windows replaced, they did a great job\"", "begin": 0, "end": 85, "id": "s0"}], "modifiedDate": 1590525833573, "docLength": 0, "mentions": [], "corefs": [], "id": "8a2a6550-9f91-11ea-9fed-efe5f3c36d5e-1", "userResolved": false}