{"status": "READY", "relations": [], "name": "review_24.txt", "language": "EN", "text": "i was waiting in the front desk in a few hours for a routine oil change. i will not be using them again\n", "createdDate": 0, "typeResolved": true, "documentSet": [], "preannotation": ["PRE_LW"], "version": 3, "sentences": [{"tokens": [{"text": "i", "begin": 0, "end": 1, "id": "s0-t0", "whiteSpace": false}, {"text": "was", "begin": 2, "end": 5, "id": "s0-t1", "whiteSpace": false}, {"text": "waiting", "begin": 6, "end": 13, "id": "s0-t2", "whiteSpace": false}, {"text": "in", "begin": 14, "end": 16, "id": "s0-t3", "whiteSpace": false}, {"text": "the", "begin": 17, "end": 20, "id": "s0-t4", "whiteSpace": false}, {"text": "front", "begin": 21, "end": 26, "id": "s0-t5", "whiteSpace": false}, {"text": "desk", "begin": 27, "end": 31, "id": "s0-t6", "whiteSpace": false}, {"text": "in", "begin": 32, "end": 34, "id": "s0-t7", "whiteSpace": false}, {"text": "a", "begin": 35, "end": 36, "id": "s0-t8", "whiteSpace": false}, {"text": "few", "begin": 37, "end": 40, "id": "s0-t9", "whiteSpace": false}, {"text": "hours", "begin": 41, "end": 46, "id": "s0-t10", "whiteSpace": false}, {"text": "for", "begin": 47, "end": 50, "id": "s0-t11", "whiteSpace": false}, {"text": "a", "begin": 51, "end": 52, "id": "s0-t12", "whiteSpace": false}, {"text": "routine", "begin": 53, "end": 60, "id": "s0-t13", "whiteSpace": false}, {"text": "oil", "begin": 61, "end": 64, "id": "s0-t14", "whiteSpace": false}, {"text": "change", "begin": 65, "end": 71, "id": "s0-t15", "whiteSpace": false}, {"text": ".", "begin": 71, "end": 72, "id": "s0-t16", "whiteSpace": false}], "text": "i was waiting in the front desk in a few hours for a routine oil change.", "begin": 0, "end": 72, "id": "s0"}, {"tokens": [{"text": "i", "begin": 73, "end": 74, "id": "s1-t0", "whiteSpace": false}, {"text": "will", "begin": 75, "end": 79, "id": "s1-t1", "whiteSpace": false}, {"text": "not", "begin": 80, "end": 83, "id": "s1-t2", "whiteSpace": false}, {"text": "be", "begin": 84, "end": 86, "id": "s1-t3", "whiteSpace": false}, {"text": "using", "begin": 87, "end": 92, "id": "s1-t4", "whiteSpace": false}, {"text": "them", "begin": 93, "end": 97, "id": "s1-t5", "whiteSpace": false}, {"text": "again", "begin": 98, "end": 103, "id": "s1-t6", "whiteSpace": false}], "text": "i will not be using them again", "begin": 73, "end": 103, "id": "s1"}], "modifiedDate": 1590525833573, "docLength": 0, "mentions": [{"begin": 61, "end": 71, "inCoref": false, "properties": {"SIRE_ENTITY_SUBTYPE": "Maintenance", "SIRE_MENTION_TYPE": "Repair", "SIRE_MENTION_CLASS": "SPC", "SIRE_MENTION_ROLE": "Repair"}, "source": "PREANNOTATION", "type": "Repair", "id": "m1"}], "corefs": [], "id": "8a2a6550-9f91-11ea-9fed-efe5f3c36d5e-23", "userResolved": false}