{"status": "READY", "relations": [], "name": "review_12.txt", "language": "EN", "text": "i got an oil change and tire rotation. they are always super friendly. i will definitely be recommending them.\n", "createdDate": 0, "typeResolved": true, "documentSet": [], "preannotation": ["PRE_LW"], "version": 3, "sentences": [{"tokens": [{"text": "i", "begin": 0, "end": 1, "id": "s0-t0", "whiteSpace": false}, {"text": "got", "begin": 2, "end": 5, "id": "s0-t1", "whiteSpace": false}, {"text": "an", "begin": 6, "end": 8, "id": "s0-t2", "whiteSpace": false}, {"text": "oil", "begin": 9, "end": 12, "id": "s0-t3", "whiteSpace": false}, {"text": "change", "begin": 13, "end": 19, "id": "s0-t4", "whiteSpace": false}, {"text": "and", "begin": 20, "end": 23, "id": "s0-t5", "whiteSpace": false}, {"text": "tire", "begin": 24, "end": 28, "id": "s0-t6", "whiteSpace": false}, {"text": "rotation", "begin": 29, "end": 37, "id": "s0-t7", "whiteSpace": false}, {"text": ".", "begin": 37, "end": 38, "id": "s0-t8", "whiteSpace": false}], "text": "i got an oil change and tire rotation.", "begin": 0, "end": 38, "id": "s0"}, {"tokens": [{"text": "they", "begin": 39, "end": 43, "id": "s1-t0", "whiteSpace": false}, {"text": "are", "begin": 44, "end": 47, "id": "s1-t1", "whiteSpace": false}, {"text": "always", "begin": 48, "end": 54, "id": "s1-t2", "whiteSpace": false}, {"text": "super", "begin": 55, "end": 60, "id": "s1-t3", "whiteSpace": false}, {"text": "friendly", "begin": 61, "end": 69, "id": "s1-t4", "whiteSpace": false}, {"text": ".", "begin": 69, "end": 70, "id": "s1-t5", "whiteSpace": false}], "text": "they are always super friendly.", "begin": 39, "end": 70, "id": "s1"}, {"tokens": [{"text": "i", "begin": 71, "end": 72, "id": "s2-t0", "whiteSpace": false}, {"text": "will", "begin": 73, "end": 77, "id": "s2-t1", "whiteSpace": false}, {"text": "definitely", "begin": 78, "end": 88, "id": "s2-t2", "whiteSpace": false}, {"text": "be", "begin": 89, "end": 91, "id": "s2-t3", "whiteSpace": false}, {"text": "recommending", "begin": 92, "end": 104, "id": "s2-t4", "whiteSpace": false}, {"text": "them", "begin": 105, "end": 109, "id": "s2-t5", "whiteSpace": false}, {"text": ".", "begin": 109, "end": 110, "id": "s2-t6", "whiteSpace": false}], "text": "i will definitely be recommending them.", "begin": 71, "end": 110, "id": "s2"}], "modifiedDate": 1590525833573, "docLength": 0, "mentions": [{"begin": 9, "end": 19, "inCoref": false, "properties": {"SIRE_ENTITY_SUBTYPE": "Maintenance", "SIRE_MENTION_TYPE": "Repair", "SIRE_MENTION_CLASS": "SPC", "SIRE_MENTION_ROLE": "Repair"}, "source": "PREANNOTATION", "type": "Repair", "id": "m1"}, {"begin": 24, "end": 28, "inCoref": false, "properties": {"SIRE_ENTITY_SUBTYPE": "Tires", "SIRE_MENTION_TYPE": "Repair", "SIRE_MENTION_CLASS": "SPC", "SIRE_MENTION_ROLE": "Repair"}, "source": "PREANNOTATION", "type": "Repair", "id": "m2"}, {"begin": 29, "end": 37, "inCoref": false, "properties": {"SIRE_ENTITY_SUBTYPE": "Tires", "SIRE_MENTION_TYPE": "Repair", "SIRE_MENTION_CLASS": "SPC", "SIRE_MENTION_ROLE": "Repair"}, "source": "PREANNOTATION", "type": "Repair", "id": "m3"}], "corefs": [], "id": "8a2a6550-9f91-11ea-9fed-efe5f3c36d5e-11", "userResolved": false}