{"status": "READY", "relations": [], "name": "review_90.txt", "language": "EN", "text": "thank you guys.  discount tire is fast and friendly. they are very helpful and professional when i arrived. been coming here for a while. they are fair and honest and super super terrific! i highly recommend them\n", "createdDate": 0, "typeResolved": true, "documentSet": [], "preannotation": ["PRE_LW"], "version": 3, "sentences": [{"tokens": [{"text": "thank", "begin": 0, "end": 5, "id": "s0-t0", "whiteSpace": false}, {"text": "you", "begin": 6, "end": 9, "id": "s0-t1", "whiteSpace": false}, {"text": "guys", "begin": 10, "end": 14, "id": "s0-t2", "whiteSpace": false}, {"text": ".", "begin": 14, "end": 15, "id": "s0-t3", "whiteSpace": false}], "text": "thank you guys.", "begin": 0, "end": 15, "id": "s0"}, {"tokens": [{"text": "discount", "begin": 17, "end": 25, "id": "s1-t0", "whiteSpace": false}, {"text": "tire", "begin": 26, "end": 30, "id": "s1-t1", "whiteSpace": false}, {"text": "is", "begin": 31, "end": 33, "id": "s1-t2", "whiteSpace": false}, {"text": "fast", "begin": 34, "end": 38, "id": "s1-t3", "whiteSpace": false}, {"text": "and", "begin": 39, "end": 42, "id": "s1-t4", "whiteSpace": false}, {"text": "friendly", "begin": 43, "end": 51, "id": "s1-t5", "whiteSpace": false}, {"text": ".", "begin": 51, "end": 52, "id": "s1-t6", "whiteSpace": false}], "text": "discount tire is fast and friendly.", "begin": 17, "end": 52, "id": "s1"}, {"tokens": [{"text": "they", "begin": 53, "end": 57, "id": "s2-t0", "whiteSpace": false}, {"text": "are", "begin": 58, "end": 61, "id": "s2-t1", "whiteSpace": false}, {"text": "very", "begin": 62, "end": 66, "id": "s2-t2", "whiteSpace": false}, {"text": "helpful", "begin": 67, "end": 74, "id": "s2-t3", "whiteSpace": false}, {"text": "and", "begin": 75, "end": 78, "id": "s2-t4", "whiteSpace": false}, {"text": "professional", "begin": 79, "end": 91, "id": "s2-t5", "whiteSpace": false}, {"text": "when", "begin": 92, "end": 96, "id": "s2-t6", "whiteSpace": false}, {"text": "i", "begin": 97, "end": 98, "id": "s2-t7", "whiteSpace": false}, {"text": "arrived", "begin": 99, "end": 106, "id": "s2-t8", "whiteSpace": false}, {"text": ".", "begin": 106, "end": 107, "id": "s2-t9", "whiteSpace": false}], "text": "they are very helpful and professional when i arrived.", "begin": 53, "end": 107, "id": "s2"}, {"tokens": [{"text": "been", "begin": 108, "end": 112, "id": "s3-t0", "whiteSpace": false}, {"text": "coming", "begin": 113, "end": 119, "id": "s3-t1", "whiteSpace": false}, {"text": "here", "begin": 120, "end": 124, "id": "s3-t2", "whiteSpace": false}, {"text": "for", "begin": 125, "end": 128, "id": "s3-t3", "whiteSpace": false}, {"text": "a", "begin": 129, "end": 130, "id": "s3-t4", "whiteSpace": false}, {"text": "while", "begin": 131, "end": 136, "id": "s3-t5", "whiteSpace": false}, {"text": ".", "begin": 136, "end": 137, "id": "s3-t6", "whiteSpace": false}], "text": "been coming here for a while.", "begin": 108, "end": 137, "id": "s3"}, {"tokens": [{"text": "they", "begin": 138, "end": 142, "id": "s4-t0", "whiteSpace": false}, {"text": "are", "begin": 143, "end": 146, "id": "s4-t1", "whiteSpace": false}, {"text": "fair", "begin": 147, "end": 151, "id": "s4-t2", "whiteSpace": false}, {"text": "and", "begin": 152, "end": 155, "id": "s4-t3", "whiteSpace": false}, {"text": "honest", "begin": 156, "end": 162, "id": "s4-t4", "whiteSpace": false}, {"text": "and", "begin": 163, "end": 166, "id": "s4-t5", "whiteSpace": false}, {"text": "super", "begin": 167, "end": 172, "id": "s4-t6", "whiteSpace": false}, {"text": "super", "begin": 173, "end": 178, "id": "s4-t7", "whiteSpace": false}, {"text": "terrific", "begin": 179, "end": 187, "id": "s4-t8", "whiteSpace": false}, {"text": "!", "begin": 187, "end": 188, "id": "s4-t9", "whiteSpace": false}], "text": "they are fair and honest and super super terrific!", "begin": 138, "end": 188, "id": "s4"}, {"tokens": [{"text": "i", "begin": 189, "end": 190, "id": "s5-t0", "whiteSpace": false}, {"text": "highly", "begin": 191, "end": 197, "id": "s5-t1", "whiteSpace": false}, {"text": "recommend", "begin": 198, "end": 207, "id": "s5-t2", "whiteSpace": false}, {"text": "them", "begin": 208, "end": 212, "id": "s5-t3", "whiteSpace": false}], "text": "i highly recommend them", "begin": 189, "end": 212, "id": "s5"}], "modifiedDate": 1590525833573, "docLength": 0, "mentions": [{"begin": 26, "end": 30, "inCoref": false, "properties": {"SIRE_ENTITY_SUBTYPE": "Tires", "SIRE_MENTION_TYPE": "Repair", "SIRE_MENTION_CLASS": "SPC", "SIRE_MENTION_ROLE": "Repair"}, "source": "PREANNOTATION", "type": "Repair", "id": "m1"}], "corefs": [], "id": "8a2a6550-9f91-11ea-9fed-efe5f3c36d5e-89", "userResolved": false}