{"status": "READY", "relations": [], "name": "review_82.txt", "language": "EN", "text": "i will definitely be coming back for any other tire issues i've been to.  the staff was very friendly and really approachable. they were able to fix the problem and was super fast. i would recommend this place for any other tire changes.\n", "createdDate": 0, "typeResolved": true, "documentSet": [], "preannotation": ["PRE_LW"], "version": 3, "sentences": [{"tokens": [{"text": "i", "begin": 0, "end": 1, "id": "s0-t0", "whiteSpace": false}, {"text": "will", "begin": 2, "end": 6, "id": "s0-t1", "whiteSpace": false}, {"text": "definitely", "begin": 7, "end": 17, "id": "s0-t2", "whiteSpace": false}, {"text": "be", "begin": 18, "end": 20, "id": "s0-t3", "whiteSpace": false}, {"text": "coming", "begin": 21, "end": 27, "id": "s0-t4", "whiteSpace": false}, {"text": "back", "begin": 28, "end": 32, "id": "s0-t5", "whiteSpace": false}, {"text": "for", "begin": 33, "end": 36, "id": "s0-t6", "whiteSpace": false}, {"text": "any", "begin": 37, "end": 40, "id": "s0-t7", "whiteSpace": false}, {"text": "other", "begin": 41, "end": 46, "id": "s0-t8", "whiteSpace": false}, {"text": "tire", "begin": 47, "end": 51, "id": "s0-t9", "whiteSpace": false}, {"text": "issues", "begin": 52, "end": 58, "id": "s0-t10", "whiteSpace": false}, {"text": "i", "begin": 59, "end": 60, "id": "s0-t11", "whiteSpace": false}, {"text": "'ve", "begin": 60, "end": 63, "id": "s0-t12", "whiteSpace": false}, {"text": "been", "begin": 64, "end": 68, "id": "s0-t13", "whiteSpace": false}, {"text": "to", "begin": 69, "end": 71, "id": "s0-t14", "whiteSpace": false}, {"text": ".", "begin": 71, "end": 72, "id": "s0-t15", "whiteSpace": false}], "text": "i will definitely be coming back for any other tire issues i've been to.", "begin": 0, "end": 72, "id": "s0"}, {"tokens": [{"text": "the", "begin": 74, "end": 77, "id": "s1-t0", "whiteSpace": false}, {"text": "staff", "begin": 78, "end": 83, "id": "s1-t1", "whiteSpace": false}, {"text": "was", "begin": 84, "end": 87, "id": "s1-t2", "whiteSpace": false}, {"text": "very", "begin": 88, "end": 92, "id": "s1-t3", "whiteSpace": false}, {"text": "friendly", "begin": 93, "end": 101, "id": "s1-t4", "whiteSpace": false}, {"text": "and", "begin": 102, "end": 105, "id": "s1-t5", "whiteSpace": false}, {"text": "really", "begin": 106, "end": 112, "id": "s1-t6", "whiteSpace": false}, {"text": "approachable", "begin": 113, "end": 125, "id": "s1-t7", "whiteSpace": false}, {"text": ".", "begin": 125, "end": 126, "id": "s1-t8", "whiteSpace": false}], "text": "the staff was very friendly and really approachable.", "begin": 74, "end": 126, "id": "s1"}, {"tokens": [{"text": "they", "begin": 127, "end": 131, "id": "s2-t0", "whiteSpace": false}, {"text": "were", "begin": 132, "end": 136, "id": "s2-t1", "whiteSpace": false}, {"text": "able", "begin": 137, "end": 141, "id": "s2-t2", "whiteSpace": false}, {"text": "to", "begin": 142, "end": 144, "id": "s2-t3", "whiteSpace": false}, {"text": "fix", "begin": 145, "end": 148, "id": "s2-t4", "whiteSpace": false}, {"text": "the", "begin": 149, "end": 152, "id": "s2-t5", "whiteSpace": false}, {"text": "problem", "begin": 153, "end": 160, "id": "s2-t6", "whiteSpace": false}, {"text": "and", "begin": 161, "end": 164, "id": "s2-t7", "whiteSpace": false}, {"text": "was", "begin": 165, "end": 168, "id": "s2-t8", "whiteSpace": false}, {"text": "super", "begin": 169, "end": 174, "id": "s2-t9", "whiteSpace": false}, {"text": "fast", "begin": 175, "end": 179, "id": "s2-t10", "whiteSpace": false}, {"text": ".", "begin": 179, "end": 180, "id": "s2-t11", "whiteSpace": false}], "text": "they were able to fix the problem and was super fast.", "begin": 127, "end": 180, "id": "s2"}, {"tokens": [{"text": "i", "begin": 181, "end": 182, "id": "s3-t0", "whiteSpace": false}, {"text": "would", "begin": 183, "end": 188, "id": "s3-t1", "whiteSpace": false}, {"text": "recommend", "begin": 189, "end": 198, "id": "s3-t2", "whiteSpace": false}, {"text": "this", "begin": 199, "end": 203, "id": "s3-t3", "whiteSpace": false}, {"text": "place", "begin": 204, "end": 209, "id": "s3-t4", "whiteSpace": false}, {"text": "for", "begin": 210, "end": 213, "id": "s3-t5", "whiteSpace": false}, {"text": "any", "begin": 214, "end": 217, "id": "s3-t6", "whiteSpace": false}, {"text": "other", "begin": 218, "end": 223, "id": "s3-t7", "whiteSpace": false}, {"text": "tire", "begin": 224, "end": 228, "id": "s3-t8", "whiteSpace": false}, {"text": "changes", "begin": 229, "end": 236, "id": "s3-t9", "whiteSpace": false}, {"text": ".", "begin": 236, "end": 237, "id": "s3-t10", "whiteSpace": false}], "text": "i would recommend this place for any other tire changes.", "begin": 181, "end": 237, "id": "s3"}], "modifiedDate": 1590525833573, "docLength": 0, "mentions": [{"begin": 47, "end": 51, "inCoref": false, "properties": {"SIRE_ENTITY_SUBTYPE": "Tires", "SIRE_MENTION_TYPE": "Repair", "SIRE_MENTION_CLASS": "SPC", "SIRE_MENTION_ROLE": "Repair"}, "source": "PREANNOTATION", "type": "Repair", "id": "m1"}, {"begin": 224, "end": 228, "inCoref": false, "properties": {"SIRE_ENTITY_SUBTYPE": "Tires", "SIRE_MENTION_TYPE": "Repair", "SIRE_MENTION_CLASS": "SPC", "SIRE_MENTION_ROLE": "Repair"}, "source": "PREANNOTATION", "type": "Repair", "id": "m2"}], "corefs": [], "id": "8a2a6550-9f91-11ea-9fed-efe5f3c36d5e-81", "userResolved": false}