{"status": "READY", "relations": [], "name": "review_59.txt", "language": "EN", "text": "i was able to get help in under 30 minutes and they were able to patch it up and replace my windshield. i will definitely be back again in the future, they are the best\n", "createdDate": 0, "typeResolved": true, "documentSet": [], "preannotation": ["PRE_LW"], "version": 3, "sentences": [{"tokens": [{"text": "i", "begin": 0, "end": 1, "id": "s0-t0", "whiteSpace": false}, {"text": "was", "begin": 2, "end": 5, "id": "s0-t1", "whiteSpace": false}, {"text": "able", "begin": 6, "end": 10, "id": "s0-t2", "whiteSpace": false}, {"text": "to", "begin": 11, "end": 13, "id": "s0-t3", "whiteSpace": false}, {"text": "get", "begin": 14, "end": 17, "id": "s0-t4", "whiteSpace": false}, {"text": "help", "begin": 18, "end": 22, "id": "s0-t5", "whiteSpace": false}, {"text": "in", "begin": 23, "end": 25, "id": "s0-t6", "whiteSpace": false}, {"text": "under", "begin": 26, "end": 31, "id": "s0-t7", "whiteSpace": false}, {"text": "30", "begin": 32, "end": 34, "id": "s0-t8", "whiteSpace": false}, {"text": "minutes", "begin": 35, "end": 42, "id": "s0-t9", "whiteSpace": false}, {"text": "and", "begin": 43, "end": 46, "id": "s0-t10", "whiteSpace": false}, {"text": "they", "begin": 47, "end": 51, "id": "s0-t11", "whiteSpace": false}, {"text": "were", "begin": 52, "end": 56, "id": "s0-t12", "whiteSpace": false}, {"text": "able", "begin": 57, "end": 61, "id": "s0-t13", "whiteSpace": false}, {"text": "to", "begin": 62, "end": 64, "id": "s0-t14", "whiteSpace": false}, {"text": "patch", "begin": 65, "end": 70, "id": "s0-t15", "whiteSpace": false}, {"text": "it", "begin": 71, "end": 73, "id": "s0-t16", "whiteSpace": false}, {"text": "up", "begin": 74, "end": 76, "id": "s0-t17", "whiteSpace": false}, {"text": "and", "begin": 77, "end": 80, "id": "s0-t18", "whiteSpace": false}, {"text": "replace", "begin": 81, "end": 88, "id": "s0-t19", "whiteSpace": false}, {"text": "my", "begin": 89, "end": 91, "id": "s0-t20", "whiteSpace": false}, {"text": "windshield", "begin": 92, "end": 102, "id": "s0-t21", "whiteSpace": false}, {"text": ".", "begin": 102, "end": 103, "id": "s0-t22", "whiteSpace": false}], "text": "i was able to get help in under 30 minutes and they were able to patch it up and replace my windshield.", "begin": 0, "end": 103, "id": "s0"}, {"tokens": [{"text": "i", "begin": 104, "end": 105, "id": "s1-t0", "whiteSpace": false}, {"text": "will", "begin": 106, "end": 110, "id": "s1-t1", "whiteSpace": false}, {"text": "definitely", "begin": 111, "end": 121, "id": "s1-t2", "whiteSpace": false}, {"text": "be", "begin": 122, "end": 124, "id": "s1-t3", "whiteSpace": false}, {"text": "back", "begin": 125, "end": 129, "id": "s1-t4", "whiteSpace": false}, {"text": "again", "begin": 130, "end": 135, "id": "s1-t5", "whiteSpace": false}, {"text": "in", "begin": 136, "end": 138, "id": "s1-t6", "whiteSpace": false}, {"text": "the", "begin": 139, "end": 142, "id": "s1-t7", "whiteSpace": false}, {"text": "future", "begin": 143, "end": 149, "id": "s1-t8", "whiteSpace": false}, {"text": ",", "begin": 149, "end": 150, "id": "s1-t9", "whiteSpace": false}, {"text": "they", "begin": 151, "end": 155, "id": "s1-t10", "whiteSpace": false}, {"text": "are", "begin": 156, "end": 159, "id": "s1-t11", "whiteSpace": false}, {"text": "the", "begin": 160, "end": 163, "id": "s1-t12", "whiteSpace": false}, {"text": "best", "begin": 164, "end": 168, "id": "s1-t13", "whiteSpace": false}], "text": "i will definitely be back again in the future, they are the best", "begin": 104, "end": 168, "id": "s1"}], "modifiedDate": 1590525833573, "docLength": 0, "mentions": [{"begin": 65, "end": 70, "inCoref": false, "properties": {"SIRE_ENTITY_SUBTYPE": "Tires", "SIRE_MENTION_TYPE": "Repair", "SIRE_MENTION_CLASS": "SPC", "SIRE_MENTION_ROLE": "Repair"}, "source": "PREANNOTATION", "type": "Repair", "id": "m1"}, {"begin": 92, "end": 102, "inCoref": false, "properties": {"SIRE_ENTITY_SUBTYPE": "Glass", "SIRE_MENTION_TYPE": "Repair", "SIRE_MENTION_CLASS": "SPC", "SIRE_MENTION_ROLE": "Repair"}, "source": "PREANNOTATION", "type": "Repair", "id": "m2"}], "corefs": [], "id": "8a2a6550-9f91-11ea-9fed-efe5f3c36d5e-58", "userResolved": false}