{"status": "READY", "relations": [], "name": "review_37.txt", "language": "EN", "text": "i got to trust them for a mobile tire fast service that everyone is to make an appointment...they take the time to come out \n", "createdDate": 0, "typeResolved": true, "documentSet": [], "preannotation": ["PRE_LW"], "version": 3, "sentences": [{"tokens": [{"text": "i", "begin": 0, "end": 1, "id": "s0-t0", "whiteSpace": false}, {"text": "got", "begin": 2, "end": 5, "id": "s0-t1", "whiteSpace": false}, {"text": "to", "begin": 6, "end": 8, "id": "s0-t2", "whiteSpace": false}, {"text": "trust", "begin": 9, "end": 14, "id": "s0-t3", "whiteSpace": false}, {"text": "them", "begin": 15, "end": 19, "id": "s0-t4", "whiteSpace": false}, {"text": "for", "begin": 20, "end": 23, "id": "s0-t5", "whiteSpace": false}, {"text": "a", "begin": 24, "end": 25, "id": "s0-t6", "whiteSpace": false}, {"text": "mobile", "begin": 26, "end": 32, "id": "s0-t7", "whiteSpace": false}, {"text": "tire", "begin": 33, "end": 37, "id": "s0-t8", "whiteSpace": false}, {"text": "fast", "begin": 38, "end": 42, "id": "s0-t9", "whiteSpace": false}, {"text": "service", "begin": 43, "end": 50, "id": "s0-t10", "whiteSpace": false}, {"text": "that", "begin": 51, "end": 55, "id": "s0-t11", "whiteSpace": false}, {"text": "everyone", "begin": 56, "end": 64, "id": "s0-t12", "whiteSpace": false}, {"text": "is", "begin": 65, "end": 67, "id": "s0-t13", "whiteSpace": false}, {"text": "to", "begin": 68, "end": 70, "id": "s0-t14", "whiteSpace": false}, {"text": "make", "begin": 71, "end": 75, "id": "s0-t15", "whiteSpace": false}, {"text": "an", "begin": 76, "end": 78, "id": "s0-t16", "whiteSpace": false}, {"text": "appointment", "begin": 79, "end": 90, "id": "s0-t17", "whiteSpace": false}, {"text": "...", "begin": 90, "end": 93, "id": "s0-t18", "whiteSpace": false}, {"text": "they", "begin": 93, "end": 97, "id": "s0-t19", "whiteSpace": false}, {"text": "take", "begin": 98, "end": 102, "id": "s0-t20", "whiteSpace": false}, {"text": "the", "begin": 103, "end": 106, "id": "s0-t21", "whiteSpace": false}, {"text": "time", "begin": 107, "end": 111, "id": "s0-t22", "whiteSpace": false}, {"text": "to", "begin": 112, "end": 114, "id": "s0-t23", "whiteSpace": false}, {"text": "come", "begin": 115, "end": 119, "id": "s0-t24", "whiteSpace": false}, {"text": "out", "begin": 120, "end": 123, "id": "s0-t25", "whiteSpace": false}], "text": "i got to trust them for a mobile tire fast service that everyone is to make an appointment...they take the time to come out", "begin": 0, "end": 123, "id": "s0"}], "modifiedDate": 1590525833573, "docLength": 0, "mentions": [{"begin": 33, "end": 37, "inCoref": false, "properties": {"SIRE_ENTITY_SUBTYPE": "Tires", "SIRE_MENTION_TYPE": "Repair", "SIRE_MENTION_CLASS": "SPC", "SIRE_MENTION_ROLE": "Repair"}, "source": "PREANNOTATION", "type": "Repair", "id": "m1"}], "corefs": [], "id": "8a2a6550-9f91-11ea-9fed-efe5f3c36d5e-36", "userResolved": false}