{"status": "READY", "relations": [], "name": "review_42.txt", "language": "EN", "text": "i needed a tire rotation. i would highly recommend this business. they are so fast and you get the job done in the same morning.\n", "createdDate": 0, "typeResolved": true, "documentSet": [], "preannotation": ["PRE_LW"], "version": 3, "sentences": [{"tokens": [{"text": "i", "begin": 0, "end": 1, "id": "s0-t0", "whiteSpace": false}, {"text": "needed", "begin": 2, "end": 8, "id": "s0-t1", "whiteSpace": false}, {"text": "a", "begin": 9, "end": 10, "id": "s0-t2", "whiteSpace": false}, {"text": "tire", "begin": 11, "end": 15, "id": "s0-t3", "whiteSpace": false}, {"text": "rotation", "begin": 16, "end": 24, "id": "s0-t4", "whiteSpace": false}, {"text": ".", "begin": 24, "end": 25, "id": "s0-t5", "whiteSpace": false}], "text": "i needed a tire rotation.", "begin": 0, "end": 25, "id": "s0"}, {"tokens": [{"text": "i", "begin": 26, "end": 27, "id": "s1-t0", "whiteSpace": false}, {"text": "would", "begin": 28, "end": 33, "id": "s1-t1", "whiteSpace": false}, {"text": "highly", "begin": 34, "end": 40, "id": "s1-t2", "whiteSpace": false}, {"text": "recommend", "begin": 41, "end": 50, "id": "s1-t3", "whiteSpace": false}, {"text": "this", "begin": 51, "end": 55, "id": "s1-t4", "whiteSpace": false}, {"text": "business", "begin": 56, "end": 64, "id": "s1-t5", "whiteSpace": false}, {"text": ".", "begin": 64, "end": 65, "id": "s1-t6", "whiteSpace": false}], "text": "i would highly recommend this business.", "begin": 26, "end": 65, "id": "s1"}, {"tokens": [{"text": "they", "begin": 66, "end": 70, "id": "s2-t0", "whiteSpace": false}, {"text": "are", "begin": 71, "end": 74, "id": "s2-t1", "whiteSpace": false}, {"text": "so", "begin": 75, "end": 77, "id": "s2-t2", "whiteSpace": false}, {"text": "fast", "begin": 78, "end": 82, "id": "s2-t3", "whiteSpace": false}, {"text": "and", "begin": 83, "end": 86, "id": "s2-t4", "whiteSpace": false}, {"text": "you", "begin": 87, "end": 90, "id": "s2-t5", "whiteSpace": false}, {"text": "get", "begin": 91, "end": 94, "id": "s2-t6", "whiteSpace": false}, {"text": "the", "begin": 95, "end": 98, "id": "s2-t7", "whiteSpace": false}, {"text": "job", "begin": 99, "end": 102, "id": "s2-t8", "whiteSpace": false}, {"text": "done", "begin": 103, "end": 107, "id": "s2-t9", "whiteSpace": false}, {"text": "in", "begin": 108, "end": 110, "id": "s2-t10", "whiteSpace": false}, {"text": "the", "begin": 111, "end": 114, "id": "s2-t11", "whiteSpace": false}, {"text": "same", "begin": 115, "end": 119, "id": "s2-t12", "whiteSpace": false}, {"text": "morning", "begin": 120, "end": 127, "id": "s2-t13", "whiteSpace": false}, {"text": ".", "begin": 127, "end": 128, "id": "s2-t14", "whiteSpace": false}], "text": "they are so fast and you get the job done in the same morning.", "begin": 66, "end": 128, "id": "s2"}], "modifiedDate": 1590525833573, "docLength": 0, "mentions": [{"begin": 11, "end": 15, "inCoref": false, "properties": {"SIRE_ENTITY_SUBTYPE": "Tires", "SIRE_MENTION_TYPE": "Repair", "SIRE_MENTION_CLASS": "SPC", "SIRE_MENTION_ROLE": "Repair"}, "source": "PREANNOTATION", "type": "Repair", "id": "m1"}, {"begin": 16, "end": 24, "inCoref": false, "properties": {"SIRE_ENTITY_SUBTYPE": "Tires", "SIRE_MENTION_TYPE": "Repair", "SIRE_MENTION_CLASS": "SPC", "SIRE_MENTION_ROLE": "Repair"}, "source": "PREANNOTATION", "type": "Repair", "id": "m2"}], "corefs": [], "id": "8a2a6550-9f91-11ea-9fed-efe5f3c36d5e-41", "userResolved": false}