{"status": "READY", "relations": [], "name": "review_1.txt", "language": "EN", "text": "\"My windshield was broken so i went to Lydia's auto repair. They vacuumed the shattered glass and replaced the windshield in the same day. I was very satisifed with their service and quality of work.\"\n", "createdDate": 0, "typeResolved": true, "documentSet": [], "preannotation": ["PRE_LW"], "version": 3, "sentences": [{"tokens": [{"text": "\"", "begin": 0, "end": 1, "id": "s0-t0", "whiteSpace": false}, {"text": "My", "begin": 1, "end": 3, "id": "s0-t1", "whiteSpace": false}, {"text": "windshield", "begin": 4, "end": 14, "id": "s0-t2", "whiteSpace": false}, {"text": "was", "begin": 15, "end": 18, "id": "s0-t3", "whiteSpace": false}, {"text": "broken", "begin": 19, "end": 25, "id": "s0-t4", "whiteSpace": false}, {"text": "so", "begin": 26, "end": 28, "id": "s0-t5", "whiteSpace": false}, {"text": "i", "begin": 29, "end": 30, "id": "s0-t6", "whiteSpace": false}, {"text": "went", "begin": 31, "end": 35, "id": "s0-t7", "whiteSpace": false}, {"text": "to", "begin": 36, "end": 38, "id": "s0-t8", "whiteSpace": false}, {"text": "Lydia", "begin": 39, "end": 44, "id": "s0-t9", "whiteSpace": false}, {"text": "'s", "begin": 44, "end": 46, "id": "s0-t10", "whiteSpace": false}, {"text": "auto", "begin": 47, "end": 51, "id": "s0-t11", "whiteSpace": false}, {"text": "repair", "begin": 52, "end": 58, "id": "s0-t12", "whiteSpace": false}, {"text": ".", "begin": 58, "end": 59, "id": "s0-t13", "whiteSpace": false}], "text": "\"My windshield was broken so i went to Lydia's auto repair.", "begin": 0, "end": 59, "id": "s0"}, {"tokens": [{"text": "They", "begin": 60, "end": 64, "id": "s1-t0", "whiteSpace": false}, {"text": "vacuumed", "begin": 65, "end": 73, "id": "s1-t1", "whiteSpace": false}, {"text": "the", "begin": 74, "end": 77, "id": "s1-t2", "whiteSpace": false}, {"text": "shattered", "begin": 78, "end": 87, "id": "s1-t3", "whiteSpace": false}, {"text": "glass", "begin": 88, "end": 93, "id": "s1-t4", "whiteSpace": false}, {"text": "and", "begin": 94, "end": 97, "id": "s1-t5", "whiteSpace": false}, {"text": "replaced", "begin": 98, "end": 106, "id": "s1-t6", "whiteSpace": false}, {"text": "the", "begin": 107, "end": 110, "id": "s1-t7", "whiteSpace": false}, {"text": "windshield", "begin": 111, "end": 121, "id": "s1-t8", "whiteSpace": false}, {"text": "in", "begin": 122, "end": 124, "id": "s1-t9", "whiteSpace": false}, {"text": "the", "begin": 125, "end": 128, "id": "s1-t10", "whiteSpace": false}, {"text": "same", "begin": 129, "end": 133, "id": "s1-t11", "whiteSpace": false}, {"text": "day", "begin": 134, "end": 137, "id": "s1-t12", "whiteSpace": false}, {"text": ".", "begin": 137, "end": 138, "id": "s1-t13", "whiteSpace": false}], "text": "They vacuumed the shattered glass and replaced the windshield in the same day.", "begin": 60, "end": 138, "id": "s1"}, {"tokens": [{"text": "I", "begin": 139, "end": 140, "id": "s2-t0", "whiteSpace": false}, {"text": "was", "begin": 141, "end": 144, "id": "s2-t1", "whiteSpace": false}, {"text": "very", "begin": 145, "end": 149, "id": "s2-t2", "whiteSpace": false}, {"text": "satisifed", "begin": 150, "end": 159, "id": "s2-t3", "whiteSpace": false}, {"text": "with", "begin": 160, "end": 164, "id": "s2-t4", "whiteSpace": false}, {"text": "their", "begin": 165, "end": 170, "id": "s2-t5", "whiteSpace": false}, {"text": "service", "begin": 171, "end": 178, "id": "s2-t6", "whiteSpace": false}, {"text": "and", "begin": 179, "end": 182, "id": "s2-t7", "whiteSpace": false}, {"text": "quality", "begin": 183, "end": 190, "id": "s2-t8", "whiteSpace": false}, {"text": "of", "begin": 191, "end": 193, "id": "s2-t9", "whiteSpace": false}, {"text": "work", "begin": 194, "end": 198, "id": "s2-t10", "whiteSpace": false}, {"text": ".", "begin": 198, "end": 199, "id": "s2-t11", "whiteSpace": false}, {"text": "\"", "begin": 199, "end": 200, "id": "s2-t12", "whiteSpace": false}], "text": "I was very satisifed with their service and quality of work.\"", "begin": 139, "end": 200, "id": "s2"}], "modifiedDate": 1590525833573, "docLength": 0, "mentions": [{"begin": 4, "end": 14, "inCoref": false, "properties": {"SIRE_ENTITY_SUBTYPE": "Glass", "SIRE_MENTION_TYPE": "Repair", "SIRE_MENTION_CLASS": "SPC", "SIRE_MENTION_ROLE": "Repair"}, "source": "PREANNOTATION", "type": "Repair", "id": "m1"}, {"begin": 111, "end": 121, "inCoref": false, "properties": {"SIRE_ENTITY_SUBTYPE": "Glass", "SIRE_MENTION_TYPE": "Repair", "SIRE_MENTION_CLASS": "SPC", "SIRE_MENTION_ROLE": "Repair"}, "source": "PREANNOTATION", "type": "Repair", "id": "m2"}], "corefs": [], "id": "8a2a6550-9f91-11ea-9fed-efe5f3c36d5e-0", "userResolved": false}