{"status": "READY", "relations": [], "name": "review_33.txt", "language": "EN", "text": "i have been coming here for years and i'm happy to come here. they are not a bad, my tire was leaking air and engine light and they were done in about 45 minutes. i went to this location and had them do a nail in the light and they were so sweet\n", "createdDate": 0, "typeResolved": true, "documentSet": [], "preannotation": ["PRE_LW"], "version": 3, "sentences": [{"tokens": [{"text": "i", "begin": 0, "end": 1, "id": "s0-t0", "whiteSpace": false}, {"text": "have", "begin": 2, "end": 6, "id": "s0-t1", "whiteSpace": false}, {"text": "been", "begin": 7, "end": 11, "id": "s0-t2", "whiteSpace": false}, {"text": "coming", "begin": 12, "end": 18, "id": "s0-t3", "whiteSpace": false}, {"text": "here", "begin": 19, "end": 23, "id": "s0-t4", "whiteSpace": false}, {"text": "for", "begin": 24, "end": 27, "id": "s0-t5", "whiteSpace": false}, {"text": "years", "begin": 28, "end": 33, "id": "s0-t6", "whiteSpace": false}, {"text": "and", "begin": 34, "end": 37, "id": "s0-t7", "whiteSpace": false}, {"text": "i", "begin": 38, "end": 39, "id": "s0-t8", "whiteSpace": false}, {"text": "'m", "begin": 39, "end": 41, "id": "s0-t9", "whiteSpace": false}, {"text": "happy", "begin": 42, "end": 47, "id": "s0-t10", "whiteSpace": false}, {"text": "to", "begin": 48, "end": 50, "id": "s0-t11", "whiteSpace": false}, {"text": "come", "begin": 51, "end": 55, "id": "s0-t12", "whiteSpace": false}, {"text": "here", "begin": 56, "end": 60, "id": "s0-t13", "whiteSpace": false}, {"text": ".", "begin": 60, "end": 61, "id": "s0-t14", "whiteSpace": false}], "text": "i have been coming here for years and i'm happy to come here.", "begin": 0, "end": 61, "id": "s0"}, {"tokens": [{"text": "they", "begin": 62, "end": 66, "id": "s1-t0", "whiteSpace": false}, {"text": "are", "begin": 67, "end": 70, "id": "s1-t1", "whiteSpace": false}, {"text": "not", "begin": 71, "end": 74, "id": "s1-t2", "whiteSpace": false}, {"text": "a", "begin": 75, "end": 76, "id": "s1-t3", "whiteSpace": false}, {"text": "bad", "begin": 77, "end": 80, "id": "s1-t4", "whiteSpace": false}, {"text": ",", "begin": 80, "end": 81, "id": "s1-t5", "whiteSpace": false}, {"text": "my", "begin": 82, "end": 84, "id": "s1-t6", "whiteSpace": false}, {"text": "tire", "begin": 85, "end": 89, "id": "s1-t7", "whiteSpace": false}, {"text": "was", "begin": 90, "end": 93, "id": "s1-t8", "whiteSpace": false}, {"text": "leaking", "begin": 94, "end": 101, "id": "s1-t9", "whiteSpace": false}, {"text": "air", "begin": 102, "end": 105, "id": "s1-t10", "whiteSpace": false}, {"text": "and", "begin": 106, "end": 109, "id": "s1-t11", "whiteSpace": false}, {"text": "engine", "begin": 110, "end": 116, "id": "s1-t12", "whiteSpace": false}, {"text": "light", "begin": 117, "end": 122, "id": "s1-t13", "whiteSpace": false}, {"text": "and", "begin": 123, "end": 126, "id": "s1-t14", "whiteSpace": false}, {"text": "they", "begin": 127, "end": 131, "id": "s1-t15", "whiteSpace": false}, {"text": "were", "begin": 132, "end": 136, "id": "s1-t16", "whiteSpace": false}, {"text": "done", "begin": 137, "end": 141, "id": "s1-t17", "whiteSpace": false}, {"text": "in", "begin": 142, "end": 144, "id": "s1-t18", "whiteSpace": false}, {"text": "about", "begin": 145, "end": 150, "id": "s1-t19", "whiteSpace": false}, {"text": "45", "begin": 151, "end": 153, "id": "s1-t20", "whiteSpace": false}, {"text": "minutes", "begin": 154, "end": 161, "id": "s1-t21", "whiteSpace": false}, {"text": ".", "begin": 161, "end": 162, "id": "s1-t22", "whiteSpace": false}], "text": "they are not a bad, my tire was leaking air and engine light and they were done in about 45 minutes.", "begin": 62, "end": 162, "id": "s1"}, {"tokens": [{"text": "i", "begin": 163, "end": 164, "id": "s2-t0", "whiteSpace": false}, {"text": "went", "begin": 165, "end": 169, "id": "s2-t1", "whiteSpace": false}, {"text": "to", "begin": 170, "end": 172, "id": "s2-t2", "whiteSpace": false}, {"text": "this", "begin": 173, "end": 177, "id": "s2-t3", "whiteSpace": false}, {"text": "location", "begin": 178, "end": 186, "id": "s2-t4", "whiteSpace": false}, {"text": "and", "begin": 187, "end": 190, "id": "s2-t5", "whiteSpace": false}, {"text": "had", "begin": 191, "end": 194, "id": "s2-t6", "whiteSpace": false}, {"text": "them", "begin": 195, "end": 199, "id": "s2-t7", "whiteSpace": false}, {"text": "do", "begin": 200, "end": 202, "id": "s2-t8", "whiteSpace": false}, {"text": "a", "begin": 203, "end": 204, "id": "s2-t9", "whiteSpace": false}, {"text": "nail", "begin": 205, "end": 209, "id": "s2-t10", "whiteSpace": false}, {"text": "in", "begin": 210, "end": 212, "id": "s2-t11", "whiteSpace": false}, {"text": "the", "begin": 213, "end": 216, "id": "s2-t12", "whiteSpace": false}, {"text": "light", "begin": 217, "end": 222, "id": "s2-t13", "whiteSpace": false}, {"text": "and", "begin": 223, "end": 226, "id": "s2-t14", "whiteSpace": false}, {"text": "they", "begin": 227, "end": 231, "id": "s2-t15", "whiteSpace": false}, {"text": "were", "begin": 232, "end": 236, "id": "s2-t16", "whiteSpace": false}, {"text": "so", "begin": 237, "end": 239, "id": "s2-t17", "whiteSpace": false}, {"text": "sweet", "begin": 240, "end": 245, "id": "s2-t18", "whiteSpace": false}], "text": "i went to this location and had them do a nail in the light and they were so sweet", "begin": 163, "end": 245, "id": "s2"}], "modifiedDate": 1590525833573, "docLength": 0, "mentions": [{"begin": 85, "end": 89, "inCoref": false, "properties": {"SIRE_ENTITY_SUBTYPE": "Tires", "SIRE_MENTION_TYPE": "Repair", "SIRE_MENTION_CLASS": "SPC", "SIRE_MENTION_ROLE": "Repair"}, "source": "PREANNOTATION", "type": "Repair", "id": "m1"}, {"begin": 110, "end": 116, "inCoref": false, "properties": {"SIRE_ENTITY_SUBTYPE": "Engine", "SIRE_MENTION_TYPE": "Repair", "SIRE_MENTION_CLASS": "SPC", "SIRE_MENTION_ROLE": "Repair"}, "source": "PREANNOTATION", "type": "Repair", "id": "m2"}], "corefs": [], "id": "8a2a6550-9f91-11ea-9fed-efe5f3c36d5e-32", "userResolved": false}