{"status": "READY", "relations": [], "name": "review_67.txt", "language": "EN", "text": "they were able to get me in and out and they were able to fix the windshield in less than an hour\n", "createdDate": 0, "typeResolved": true, "documentSet": [], "preannotation": ["PRE_LW"], "version": 3, "sentences": [{"tokens": [{"text": "they", "begin": 0, "end": 4, "id": "s0-t0", "whiteSpace": false}, {"text": "were", "begin": 5, "end": 9, "id": "s0-t1", "whiteSpace": false}, {"text": "able", "begin": 10, "end": 14, "id": "s0-t2", "whiteSpace": false}, {"text": "to", "begin": 15, "end": 17, "id": "s0-t3", "whiteSpace": false}, {"text": "get", "begin": 18, "end": 21, "id": "s0-t4", "whiteSpace": false}, {"text": "me", "begin": 22, "end": 24, "id": "s0-t5", "whiteSpace": false}, {"text": "in", "begin": 25, "end": 27, "id": "s0-t6", "whiteSpace": false}, {"text": "and", "begin": 28, "end": 31, "id": "s0-t7", "whiteSpace": false}, {"text": "out", "begin": 32, "end": 35, "id": "s0-t8", "whiteSpace": false}, {"text": "and", "begin": 36, "end": 39, "id": "s0-t9", "whiteSpace": false}, {"text": "they", "begin": 40, "end": 44, "id": "s0-t10", "whiteSpace": false}, {"text": "were", "begin": 45, "end": 49, "id": "s0-t11", "whiteSpace": false}, {"text": "able", "begin": 50, "end": 54, "id": "s0-t12", "whiteSpace": false}, {"text": "to", "begin": 55, "end": 57, "id": "s0-t13", "whiteSpace": false}, {"text": "fix", "begin": 58, "end": 61, "id": "s0-t14", "whiteSpace": false}, {"text": "the", "begin": 62, "end": 65, "id": "s0-t15", "whiteSpace": false}, {"text": "windshield", "begin": 66, "end": 76, "id": "s0-t16", "whiteSpace": false}, {"text": "in", "begin": 77, "end": 79, "id": "s0-t17", "whiteSpace": false}, {"text": "less", "begin": 80, "end": 84, "id": "s0-t18", "whiteSpace": false}, {"text": "than", "begin": 85, "end": 89, "id": "s0-t19", "whiteSpace": false}, {"text": "an", "begin": 90, "end": 92, "id": "s0-t20", "whiteSpace": false}, {"text": "hour", "begin": 93, "end": 97, "id": "s0-t21", "whiteSpace": false}], "text": "they were able to get me in and out and they were able to fix the windshield in less than an hour", "begin": 0, "end": 97, "id": "s0"}], "modifiedDate": 1590525833573, "docLength": 0, "mentions": [{"begin": 66, "end": 76, "inCoref": false, "properties": {"SIRE_ENTITY_SUBTYPE": "Glass", "SIRE_MENTION_TYPE": "Repair", "SIRE_MENTION_CLASS": "SPC", "SIRE_MENTION_ROLE": "Repair"}, "source": "PREANNOTATION", "type": "Repair", "id": "m1"}], "corefs": [], "id": "8a2a6550-9f91-11ea-9fed-efe5f3c36d5e-66", "userResolved": false}