{"status": "READY", "relations": [], "name": "review_13.txt", "language": "EN", "text": "the windows look great.\n", "createdDate": 0, "typeResolved": true, "documentSet": [], "preannotation": ["PRE_LW"], "version": 3, "sentences": [{"tokens": [{"text": "the", "begin": 0, "end": 3, "id": "s0-t0", "whiteSpace": false}, {"text": "windows", "begin": 4, "end": 11, "id": "s0-t1", "whiteSpace": false}, {"text": "look", "begin": 12, "end": 16, "id": "s0-t2", "whiteSpace": false}, {"text": "great", "begin": 17, "end": 22, "id": "s0-t3", "whiteSpace": false}, {"text": ".", "begin": 22, "end": 23, "id": "s0-t4", "whiteSpace": false}], "text": "the windows look great.", "begin": 0, "end": 23, "id": "s0"}], "modifiedDate": 1590525833573, "docLength": 0, "mentions": [], "corefs": [], "id": "8a2a6550-9f91-11ea-9fed-efe5f3c36d5e-12", "userResolved": false}