{"status": "READY", "relations": [], "name": "review_29.txt", "language": "EN", "text": "i would be back and i feel like my car is running clean.  i was out and charged me fairly\n", "createdDate": 0, "typeResolved": true, "documentSet": [], "preannotation": ["PRE_LW"], "version": 3, "sentences": [{"tokens": [{"text": "i", "begin": 0, "end": 1, "id": "s0-t0", "whiteSpace": false}, {"text": "would", "begin": 2, "end": 7, "id": "s0-t1", "whiteSpace": false}, {"text": "be", "begin": 8, "end": 10, "id": "s0-t2", "whiteSpace": false}, {"text": "back", "begin": 11, "end": 15, "id": "s0-t3", "whiteSpace": false}, {"text": "and", "begin": 16, "end": 19, "id": "s0-t4", "whiteSpace": false}, {"text": "i", "begin": 20, "end": 21, "id": "s0-t5", "whiteSpace": false}, {"text": "feel", "begin": 22, "end": 26, "id": "s0-t6", "whiteSpace": false}, {"text": "like", "begin": 27, "end": 31, "id": "s0-t7", "whiteSpace": false}, {"text": "my", "begin": 32, "end": 34, "id": "s0-t8", "whiteSpace": false}, {"text": "car", "begin": 35, "end": 38, "id": "s0-t9", "whiteSpace": false}, {"text": "is", "begin": 39, "end": 41, "id": "s0-t10", "whiteSpace": false}, {"text": "running", "begin": 42, "end": 49, "id": "s0-t11", "whiteSpace": false}, {"text": "clean", "begin": 50, "end": 55, "id": "s0-t12", "whiteSpace": false}, {"text": ".", "begin": 55, "end": 56, "id": "s0-t13", "whiteSpace": false}], "text": "i would be back and i feel like my car is running clean.", "begin": 0, "end": 56, "id": "s0"}, {"tokens": [{"text": "i", "begin": 58, "end": 59, "id": "s1-t0", "whiteSpace": false}, {"text": "was", "begin": 60, "end": 63, "id": "s1-t1", "whiteSpace": false}, {"text": "out", "begin": 64, "end": 67, "id": "s1-t2", "whiteSpace": false}, {"text": "and", "begin": 68, "end": 71, "id": "s1-t3", "whiteSpace": false}, {"text": "charged", "begin": 72, "end": 79, "id": "s1-t4", "whiteSpace": false}, {"text": "me", "begin": 80, "end": 82, "id": "s1-t5", "whiteSpace": false}, {"text": "fairly", "begin": 83, "end": 89, "id": "s1-t6", "whiteSpace": false}], "text": "i was out and charged me fairly", "begin": 58, "end": 89, "id": "s1"}], "modifiedDate": 1590525833573, "docLength": 0, "mentions": [], "corefs": [], "id": "8a2a6550-9f91-11ea-9fed-efe5f3c36d5e-28", "userResolved": false}