{"status": "READY", "relations": [], "name": "review_60.txt", "language": "EN", "text": "will definitely be going back again for my next service again thanks to Best Wheels and the service was great thank you\n", "createdDate": 0, "typeResolved": true, "documentSet": [], "preannotation": ["PRE_LW"], "version": 3, "sentences": [{"tokens": [{"text": "will", "begin": 0, "end": 4, "id": "s0-t0", "whiteSpace": false}, {"text": "definitely", "begin": 5, "end": 15, "id": "s0-t1", "whiteSpace": false}, {"text": "be", "begin": 16, "end": 18, "id": "s0-t2", "whiteSpace": false}, {"text": "going", "begin": 19, "end": 24, "id": "s0-t3", "whiteSpace": false}, {"text": "back", "begin": 25, "end": 29, "id": "s0-t4", "whiteSpace": false}, {"text": "again", "begin": 30, "end": 35, "id": "s0-t5", "whiteSpace": false}, {"text": "for", "begin": 36, "end": 39, "id": "s0-t6", "whiteSpace": false}, {"text": "my", "begin": 40, "end": 42, "id": "s0-t7", "whiteSpace": false}, {"text": "next", "begin": 43, "end": 47, "id": "s0-t8", "whiteSpace": false}, {"text": "service", "begin": 48, "end": 55, "id": "s0-t9", "whiteSpace": false}, {"text": "again", "begin": 56, "end": 61, "id": "s0-t10", "whiteSpace": false}, {"text": "thanks", "begin": 62, "end": 68, "id": "s0-t11", "whiteSpace": false}, {"text": "to", "begin": 69, "end": 71, "id": "s0-t12", "whiteSpace": false}, {"text": "Best", "begin": 72, "end": 76, "id": "s0-t13", "whiteSpace": false}, {"text": "Wheels", "begin": 77, "end": 83, "id": "s0-t14", "whiteSpace": false}, {"text": "and", "begin": 84, "end": 87, "id": "s0-t15", "whiteSpace": false}, {"text": "the", "begin": 88, "end": 91, "id": "s0-t16", "whiteSpace": false}, {"text": "service", "begin": 92, "end": 99, "id": "s0-t17", "whiteSpace": false}, {"text": "was", "begin": 100, "end": 103, "id": "s0-t18", "whiteSpace": false}, {"text": "great", "begin": 104, "end": 109, "id": "s0-t19", "whiteSpace": false}, {"text": "thank", "begin": 110, "end": 115, "id": "s0-t20", "whiteSpace": false}, {"text": "you", "begin": 116, "end": 119, "id": "s0-t21", "whiteSpace": false}], "text": "will definitely be going back again for my next service again thanks to Best Wheels and the service was great thank you", "begin": 0, "end": 119, "id": "s0"}], "modifiedDate": 1590525833573, "docLength": 0, "mentions": [], "corefs": [], "id": "8a2a6550-9f91-11ea-9fed-efe5f3c36d5e-59", "userResolved": false}