{"status": "READY", "relations": [], "name": "review_48.txt", "language": "EN", "text": "i had a flat tire and was out the door in no problem.  i will definitely be back. \n", "createdDate": 0, "typeResolved": true, "documentSet": [], "preannotation": ["PRE_LW"], "version": 3, "sentences": [{"tokens": [{"text": "i", "begin": 0, "end": 1, "id": "s0-t0", "whiteSpace": false}, {"text": "had", "begin": 2, "end": 5, "id": "s0-t1", "whiteSpace": false}, {"text": "a", "begin": 6, "end": 7, "id": "s0-t2", "whiteSpace": false}, {"text": "flat", "begin": 8, "end": 12, "id": "s0-t3", "whiteSpace": false}, {"text": "tire", "begin": 13, "end": 17, "id": "s0-t4", "whiteSpace": false}, {"text": "and", "begin": 18, "end": 21, "id": "s0-t5", "whiteSpace": false}, {"text": "was", "begin": 22, "end": 25, "id": "s0-t6", "whiteSpace": false}, {"text": "out", "begin": 26, "end": 29, "id": "s0-t7", "whiteSpace": false}, {"text": "the", "begin": 30, "end": 33, "id": "s0-t8", "whiteSpace": false}, {"text": "door", "begin": 34, "end": 38, "id": "s0-t9", "whiteSpace": false}, {"text": "in", "begin": 39, "end": 41, "id": "s0-t10", "whiteSpace": false}, {"text": "no", "begin": 42, "end": 44, "id": "s0-t11", "whiteSpace": false}, {"text": "problem", "begin": 45, "end": 52, "id": "s0-t12", "whiteSpace": false}, {"text": ".", "begin": 52, "end": 53, "id": "s0-t13", "whiteSpace": false}], "text": "i had a flat tire and was out the door in no problem.", "begin": 0, "end": 53, "id": "s0"}, {"tokens": [{"text": "i", "begin": 55, "end": 56, "id": "s1-t0", "whiteSpace": false}, {"text": "will", "begin": 57, "end": 61, "id": "s1-t1", "whiteSpace": false}, {"text": "definitely", "begin": 62, "end": 72, "id": "s1-t2", "whiteSpace": false}, {"text": "be", "begin": 73, "end": 75, "id": "s1-t3", "whiteSpace": false}, {"text": "back", "begin": 76, "end": 80, "id": "s1-t4", "whiteSpace": false}, {"text": ".", "begin": 80, "end": 81, "id": "s1-t5", "whiteSpace": false}], "text": "i will definitely be back.", "begin": 55, "end": 81, "id": "s1"}], "modifiedDate": 1590525833573, "docLength": 0, "mentions": [{"begin": 8, "end": 12, "inCoref": false, "properties": {"SIRE_ENTITY_SUBTYPE": "Tires", "SIRE_MENTION_TYPE": "Repair", "SIRE_MENTION_CLASS": "SPC", "SIRE_MENTION_ROLE": "Repair"}, "source": "PREANNOTATION", "type": "Repair", "id": "m1"}, {"begin": 13, "end": 17, "inCoref": false, "properties": {"SIRE_ENTITY_SUBTYPE": "Tires", "SIRE_MENTION_TYPE": "Repair", "SIRE_MENTION_CLASS": "SPC", "SIRE_MENTION_ROLE": "Repair"}, "source": "PREANNOTATION", "type": "Repair", "id": "m2"}], "corefs": [], "id": "8a2a6550-9f91-11ea-9fed-efe5f3c36d5e-47", "userResolved": false}