{"status": "READY", "relations": [], "name": "review_63.txt", "language": "EN", "text": "they were able to fix the dent on my car and made the problem done in about an hour and a half and they were very courteous and courteous and efficient.\n", "createdDate": 0, "typeResolved": true, "documentSet": [], "preannotation": ["PRE_LW"], "version": 3, "sentences": [{"tokens": [{"text": "they", "begin": 0, "end": 4, "id": "s0-t0", "whiteSpace": false}, {"text": "were", "begin": 5, "end": 9, "id": "s0-t1", "whiteSpace": false}, {"text": "able", "begin": 10, "end": 14, "id": "s0-t2", "whiteSpace": false}, {"text": "to", "begin": 15, "end": 17, "id": "s0-t3", "whiteSpace": false}, {"text": "fix", "begin": 18, "end": 21, "id": "s0-t4", "whiteSpace": false}, {"text": "the", "begin": 22, "end": 25, "id": "s0-t5", "whiteSpace": false}, {"text": "dent", "begin": 26, "end": 30, "id": "s0-t6", "whiteSpace": false}, {"text": "on", "begin": 31, "end": 33, "id": "s0-t7", "whiteSpace": false}, {"text": "my", "begin": 34, "end": 36, "id": "s0-t8", "whiteSpace": false}, {"text": "car", "begin": 37, "end": 40, "id": "s0-t9", "whiteSpace": false}, {"text": "and", "begin": 41, "end": 44, "id": "s0-t10", "whiteSpace": false}, {"text": "made", "begin": 45, "end": 49, "id": "s0-t11", "whiteSpace": false}, {"text": "the", "begin": 50, "end": 53, "id": "s0-t12", "whiteSpace": false}, {"text": "problem", "begin": 54, "end": 61, "id": "s0-t13", "whiteSpace": false}, {"text": "done", "begin": 62, "end": 66, "id": "s0-t14", "whiteSpace": false}, {"text": "in", "begin": 67, "end": 69, "id": "s0-t15", "whiteSpace": false}, {"text": "about", "begin": 70, "end": 75, "id": "s0-t16", "whiteSpace": false}, {"text": "an", "begin": 76, "end": 78, "id": "s0-t17", "whiteSpace": false}, {"text": "hour", "begin": 79, "end": 83, "id": "s0-t18", "whiteSpace": false}, {"text": "and", "begin": 84, "end": 87, "id": "s0-t19", "whiteSpace": false}, {"text": "a", "begin": 88, "end": 89, "id": "s0-t20", "whiteSpace": false}, {"text": "half", "begin": 90, "end": 94, "id": "s0-t21", "whiteSpace": false}, {"text": "and", "begin": 95, "end": 98, "id": "s0-t22", "whiteSpace": false}, {"text": "they", "begin": 99, "end": 103, "id": "s0-t23", "whiteSpace": false}, {"text": "were", "begin": 104, "end": 108, "id": "s0-t24", "whiteSpace": false}, {"text": "very", "begin": 109, "end": 113, "id": "s0-t25", "whiteSpace": false}, {"text": "courteous", "begin": 114, "end": 123, "id": "s0-t26", "whiteSpace": false}, {"text": "and", "begin": 124, "end": 127, "id": "s0-t27", "whiteSpace": false}, {"text": "courteous", "begin": 128, "end": 137, "id": "s0-t28", "whiteSpace": false}, {"text": "and", "begin": 138, "end": 141, "id": "s0-t29", "whiteSpace": false}, {"text": "efficient", "begin": 142, "end": 151, "id": "s0-t30", "whiteSpace": false}, {"text": ".", "begin": 151, "end": 152, "id": "s0-t31", "whiteSpace": false}], "text": "they were able to fix the dent on my car and made the problem done in about an hour and a half and they were very courteous and courteous and efficient.", "begin": 0, "end": 152, "id": "s0"}], "modifiedDate": 1590525833573, "docLength": 0, "mentions": [{"begin": 26, "end": 30, "inCoref": false, "properties": {"SIRE_ENTITY_SUBTYPE": "Body", "SIRE_MENTION_TYPE": "NONE", "SIRE_MENTION_CLASS": "SPC", "SIRE_MENTION_ROLE": "Repair"}, "source": "PREANNOTATION", "type": "Repair", "id": "m1"}], "corefs": [], "id": "8a2a6550-9f91-11ea-9fed-efe5f3c36d5e-62", "userResolved": false}