{"status": "READY", "relations": [], "name": "review_40.txt", "language": "EN", "text": "i have had my car washed here and i don't know how to take my car to this location for the work\n", "createdDate": 0, "typeResolved": true, "documentSet": [], "preannotation": ["PRE_LW"], "version": 3, "sentences": [{"tokens": [{"text": "i", "begin": 0, "end": 1, "id": "s0-t0", "whiteSpace": false}, {"text": "have", "begin": 2, "end": 6, "id": "s0-t1", "whiteSpace": false}, {"text": "had", "begin": 7, "end": 10, "id": "s0-t2", "whiteSpace": false}, {"text": "my", "begin": 11, "end": 13, "id": "s0-t3", "whiteSpace": false}, {"text": "car", "begin": 14, "end": 17, "id": "s0-t4", "whiteSpace": false}, {"text": "washed", "begin": 18, "end": 24, "id": "s0-t5", "whiteSpace": false}, {"text": "here", "begin": 25, "end": 29, "id": "s0-t6", "whiteSpace": false}, {"text": "and", "begin": 30, "end": 33, "id": "s0-t7", "whiteSpace": false}, {"text": "i", "begin": 34, "end": 35, "id": "s0-t8", "whiteSpace": false}, {"text": "do", "begin": 36, "end": 38, "id": "s0-t9", "whiteSpace": false}, {"text": "n't", "begin": 38, "end": 41, "id": "s0-t10", "whiteSpace": false}, {"text": "know", "begin": 42, "end": 46, "id": "s0-t11", "whiteSpace": false}, {"text": "how", "begin": 47, "end": 50, "id": "s0-t12", "whiteSpace": false}, {"text": "to", "begin": 51, "end": 53, "id": "s0-t13", "whiteSpace": false}, {"text": "take", "begin": 54, "end": 58, "id": "s0-t14", "whiteSpace": false}, {"text": "my", "begin": 59, "end": 61, "id": "s0-t15", "whiteSpace": false}, {"text": "car", "begin": 62, "end": 65, "id": "s0-t16", "whiteSpace": false}, {"text": "to", "begin": 66, "end": 68, "id": "s0-t17", "whiteSpace": false}, {"text": "this", "begin": 69, "end": 73, "id": "s0-t18", "whiteSpace": false}, {"text": "location", "begin": 74, "end": 82, "id": "s0-t19", "whiteSpace": false}, {"text": "for", "begin": 83, "end": 86, "id": "s0-t20", "whiteSpace": false}, {"text": "the", "begin": 87, "end": 90, "id": "s0-t21", "whiteSpace": false}, {"text": "work", "begin": 91, "end": 95, "id": "s0-t22", "whiteSpace": false}], "text": "i have had my car washed here and i don't know how to take my car to this location for the work", "begin": 0, "end": 95, "id": "s0"}], "modifiedDate": 1590525833573, "docLength": 0, "mentions": [], "corefs": [], "id": "8a2a6550-9f91-11ea-9fed-efe5f3c36d5e-39", "userResolved": false}