{"status": "READY", "relations": [], "name": "review_14.txt", "language": "EN", "text": "took my truck in for a window tint and an alignment today. they did a fantastic job and the work is always great.\n", "createdDate": 0, "typeResolved": true, "documentSet": [], "preannotation": ["PRE_LW"], "version": 3, "sentences": [{"tokens": [{"text": "took", "begin": 0, "end": 4, "id": "s0-t0", "whiteSpace": false}, {"text": "my", "begin": 5, "end": 7, "id": "s0-t1", "whiteSpace": false}, {"text": "truck", "begin": 8, "end": 13, "id": "s0-t2", "whiteSpace": false}, {"text": "in", "begin": 14, "end": 16, "id": "s0-t3", "whiteSpace": false}, {"text": "for", "begin": 17, "end": 20, "id": "s0-t4", "whiteSpace": false}, {"text": "a", "begin": 21, "end": 22, "id": "s0-t5", "whiteSpace": false}, {"text": "window", "begin": 23, "end": 29, "id": "s0-t6", "whiteSpace": false}, {"text": "tint", "begin": 30, "end": 34, "id": "s0-t7", "whiteSpace": false}, {"text": "and", "begin": 35, "end": 38, "id": "s0-t8", "whiteSpace": false}, {"text": "an", "begin": 39, "end": 41, "id": "s0-t9", "whiteSpace": false}, {"text": "alignment", "begin": 42, "end": 51, "id": "s0-t10", "whiteSpace": false}, {"text": "today", "begin": 52, "end": 57, "id": "s0-t11", "whiteSpace": false}, {"text": ".", "begin": 57, "end": 58, "id": "s0-t12", "whiteSpace": false}], "text": "took my truck in for a window tint and an alignment today.", "begin": 0, "end": 58, "id": "s0"}, {"tokens": [{"text": "they", "begin": 59, "end": 63, "id": "s1-t0", "whiteSpace": false}, {"text": "did", "begin": 64, "end": 67, "id": "s1-t1", "whiteSpace": false}, {"text": "a", "begin": 68, "end": 69, "id": "s1-t2", "whiteSpace": false}, {"text": "fantastic", "begin": 70, "end": 79, "id": "s1-t3", "whiteSpace": false}, {"text": "job", "begin": 80, "end": 83, "id": "s1-t4", "whiteSpace": false}, {"text": "and", "begin": 84, "end": 87, "id": "s1-t5", "whiteSpace": false}, {"text": "the", "begin": 88, "end": 91, "id": "s1-t6", "whiteSpace": false}, {"text": "work", "begin": 92, "end": 96, "id": "s1-t7", "whiteSpace": false}, {"text": "is", "begin": 97, "end": 99, "id": "s1-t8", "whiteSpace": false}, {"text": "always", "begin": 100, "end": 106, "id": "s1-t9", "whiteSpace": false}, {"text": "great", "begin": 107, "end": 112, "id": "s1-t10", "whiteSpace": false}, {"text": ".", "begin": 112, "end": 113, "id": "s1-t11", "whiteSpace": false}], "text": "they did a fantastic job and the work is always great.", "begin": 59, "end": 113, "id": "s1"}], "modifiedDate": 1590525833573, "docLength": 0, "mentions": [{"begin": 23, "end": 29, "inCoref": false, "properties": {"SIRE_ENTITY_SUBTYPE": "Glass", "SIRE_MENTION_TYPE": "Repair", "SIRE_MENTION_CLASS": "SPC", "SIRE_MENTION_ROLE": "Repair"}, "source": "PREANNOTATION", "type": "Repair", "id": "m1"}], "corefs": [], "id": "8a2a6550-9f91-11ea-9fed-efe5f3c36d5e-13", "userResolved": false}