{"status": "READY", "relations": [], "name": "review_46.txt", "language": "EN", "text": "i took my husband's car for an oil change.  i will definitely be back for future services.\n", "createdDate": 0, "typeResolved": true, "documentSet": [], "preannotation": ["PRE_LW"], "version": 3, "sentences": [{"tokens": [{"text": "i", "begin": 0, "end": 1, "id": "s0-t0", "whiteSpace": false}, {"text": "took", "begin": 2, "end": 6, "id": "s0-t1", "whiteSpace": false}, {"text": "my", "begin": 7, "end": 9, "id": "s0-t2", "whiteSpace": false}, {"text": "husband", "begin": 10, "end": 17, "id": "s0-t3", "whiteSpace": false}, {"text": "'s", "begin": 17, "end": 19, "id": "s0-t4", "whiteSpace": false}, {"text": "car", "begin": 20, "end": 23, "id": "s0-t5", "whiteSpace": false}, {"text": "for", "begin": 24, "end": 27, "id": "s0-t6", "whiteSpace": false}, {"text": "an", "begin": 28, "end": 30, "id": "s0-t7", "whiteSpace": false}, {"text": "oil", "begin": 31, "end": 34, "id": "s0-t8", "whiteSpace": false}, {"text": "change", "begin": 35, "end": 41, "id": "s0-t9", "whiteSpace": false}, {"text": ".", "begin": 41, "end": 42, "id": "s0-t10", "whiteSpace": false}], "text": "i took my husband's car for an oil change.", "begin": 0, "end": 42, "id": "s0"}, {"tokens": [{"text": "i", "begin": 44, "end": 45, "id": "s1-t0", "whiteSpace": false}, {"text": "will", "begin": 46, "end": 50, "id": "s1-t1", "whiteSpace": false}, {"text": "definitely", "begin": 51, "end": 61, "id": "s1-t2", "whiteSpace": false}, {"text": "be", "begin": 62, "end": 64, "id": "s1-t3", "whiteSpace": false}, {"text": "back", "begin": 65, "end": 69, "id": "s1-t4", "whiteSpace": false}, {"text": "for", "begin": 70, "end": 73, "id": "s1-t5", "whiteSpace": false}, {"text": "future", "begin": 74, "end": 80, "id": "s1-t6", "whiteSpace": false}, {"text": "services", "begin": 81, "end": 89, "id": "s1-t7", "whiteSpace": false}, {"text": ".", "begin": 89, "end": 90, "id": "s1-t8", "whiteSpace": false}], "text": "i will definitely be back for future services.", "begin": 44, "end": 90, "id": "s1"}], "modifiedDate": 1590525833573, "docLength": 0, "mentions": [{"begin": 31, "end": 41, "inCoref": false, "properties": {"SIRE_ENTITY_SUBTYPE": "Maintenance", "SIRE_MENTION_TYPE": "Repair", "SIRE_MENTION_CLASS": "SPC", "SIRE_MENTION_ROLE": "Repair"}, "source": "PREANNOTATION", "type": "Repair", "id": "m1"}], "corefs": [], "id": "8a2a6550-9f91-11ea-9fed-efe5f3c36d5e-45", "userResolved": false}