{"status": "READY", "relations": [], "name": "review_16.txt", "language": "EN", "text": "these guys are good they have always fixed my car. great price to get my oil changed!\n", "createdDate": 0, "typeResolved": true, "documentSet": [], "preannotation": ["PRE_LW"], "version": 3, "sentences": [{"tokens": [{"text": "these", "begin": 0, "end": 5, "id": "s0-t0", "whiteSpace": false}, {"text": "guys", "begin": 6, "end": 10, "id": "s0-t1", "whiteSpace": false}, {"text": "are", "begin": 11, "end": 14, "id": "s0-t2", "whiteSpace": false}, {"text": "good", "begin": 15, "end": 19, "id": "s0-t3", "whiteSpace": false}, {"text": "they", "begin": 20, "end": 24, "id": "s0-t4", "whiteSpace": false}, {"text": "have", "begin": 25, "end": 29, "id": "s0-t5", "whiteSpace": false}, {"text": "always", "begin": 30, "end": 36, "id": "s0-t6", "whiteSpace": false}, {"text": "fixed", "begin": 37, "end": 42, "id": "s0-t7", "whiteSpace": false}, {"text": "my", "begin": 43, "end": 45, "id": "s0-t8", "whiteSpace": false}, {"text": "car", "begin": 46, "end": 49, "id": "s0-t9", "whiteSpace": false}, {"text": ".", "begin": 49, "end": 50, "id": "s0-t10", "whiteSpace": false}], "text": "these guys are good they have always fixed my car.", "begin": 0, "end": 50, "id": "s0"}, {"tokens": [{"text": "great", "begin": 51, "end": 56, "id": "s1-t0", "whiteSpace": false}, {"text": "price", "begin": 57, "end": 62, "id": "s1-t1", "whiteSpace": false}, {"text": "to", "begin": 63, "end": 65, "id": "s1-t2", "whiteSpace": false}, {"text": "get", "begin": 66, "end": 69, "id": "s1-t3", "whiteSpace": false}, {"text": "my", "begin": 70, "end": 72, "id": "s1-t4", "whiteSpace": false}, {"text": "oil", "begin": 73, "end": 76, "id": "s1-t5", "whiteSpace": false}, {"text": "changed", "begin": 77, "end": 84, "id": "s1-t6", "whiteSpace": false}, {"text": "!", "begin": 84, "end": 85, "id": "s1-t7", "whiteSpace": false}], "text": "great price to get my oil changed!", "begin": 51, "end": 85, "id": "s1"}], "modifiedDate": 1590525833573, "docLength": 0, "mentions": [], "corefs": [], "id": "8a2a6550-9f91-11ea-9fed-efe5f3c36d5e-15", "userResolved": false}