{"status": "READY", "relations": [], "name": "review_61.txt", "language": "EN", "text": "best price i have ever experience with the work on my car.  they didn't have the problem fixing my tire and replaced the tire for free\n", "createdDate": 0, "typeResolved": true, "documentSet": [], "preannotation": ["PRE_LW"], "version": 3, "sentences": [{"tokens": [{"text": "best", "begin": 0, "end": 4, "id": "s0-t0", "whiteSpace": false}, {"text": "price", "begin": 5, "end": 10, "id": "s0-t1", "whiteSpace": false}, {"text": "i", "begin": 11, "end": 12, "id": "s0-t2", "whiteSpace": false}, {"text": "have", "begin": 13, "end": 17, "id": "s0-t3", "whiteSpace": false}, {"text": "ever", "begin": 18, "end": 22, "id": "s0-t4", "whiteSpace": false}, {"text": "experience", "begin": 23, "end": 33, "id": "s0-t5", "whiteSpace": false}, {"text": "with", "begin": 34, "end": 38, "id": "s0-t6", "whiteSpace": false}, {"text": "the", "begin": 39, "end": 42, "id": "s0-t7", "whiteSpace": false}, {"text": "work", "begin": 43, "end": 47, "id": "s0-t8", "whiteSpace": false}, {"text": "on", "begin": 48, "end": 50, "id": "s0-t9", "whiteSpace": false}, {"text": "my", "begin": 51, "end": 53, "id": "s0-t10", "whiteSpace": false}, {"text": "car", "begin": 54, "end": 57, "id": "s0-t11", "whiteSpace": false}, {"text": ".", "begin": 57, "end": 58, "id": "s0-t12", "whiteSpace": false}], "text": "best price i have ever experience with the work on my car.", "begin": 0, "end": 58, "id": "s0"}, {"tokens": [{"text": "they", "begin": 60, "end": 64, "id": "s1-t0", "whiteSpace": false}, {"text": "did", "begin": 65, "end": 68, "id": "s1-t1", "whiteSpace": false}, {"text": "n't", "begin": 68, "end": 71, "id": "s1-t2", "whiteSpace": false}, {"text": "have", "begin": 72, "end": 76, "id": "s1-t3", "whiteSpace": false}, {"text": "the", "begin": 77, "end": 80, "id": "s1-t4", "whiteSpace": false}, {"text": "problem", "begin": 81, "end": 88, "id": "s1-t5", "whiteSpace": false}, {"text": "fixing", "begin": 89, "end": 95, "id": "s1-t6", "whiteSpace": false}, {"text": "my", "begin": 96, "end": 98, "id": "s1-t7", "whiteSpace": false}, {"text": "tire", "begin": 99, "end": 103, "id": "s1-t8", "whiteSpace": false}, {"text": "and", "begin": 104, "end": 107, "id": "s1-t9", "whiteSpace": false}, {"text": "replaced", "begin": 108, "end": 116, "id": "s1-t10", "whiteSpace": false}, {"text": "the", "begin": 117, "end": 120, "id": "s1-t11", "whiteSpace": false}, {"text": "tire", "begin": 121, "end": 125, "id": "s1-t12", "whiteSpace": false}, {"text": "for", "begin": 126, "end": 129, "id": "s1-t13", "whiteSpace": false}, {"text": "free", "begin": 130, "end": 134, "id": "s1-t14", "whiteSpace": false}], "text": "they didn't have the problem fixing my tire and replaced the tire for free", "begin": 60, "end": 134, "id": "s1"}], "modifiedDate": 1590525833573, "docLength": 0, "mentions": [{"begin": 99, "end": 103, "inCoref": false, "properties": {"SIRE_ENTITY_SUBTYPE": "Tires", "SIRE_MENTION_TYPE": "Repair", "SIRE_MENTION_CLASS": "SPC", "SIRE_MENTION_ROLE": "Repair"}, "source": "PREANNOTATION", "type": "Repair", "id": "m1"}, {"begin": 121, "end": 125, "inCoref": false, "properties": {"SIRE_ENTITY_SUBTYPE": "Tires", "SIRE_MENTION_TYPE": "Repair", "SIRE_MENTION_CLASS": "SPC", "SIRE_MENTION_ROLE": "Repair"}, "source": "PREANNOTATION", "type": "Repair", "id": "m2"}], "corefs": [], "id": "8a2a6550-9f91-11ea-9fed-efe5f3c36d5e-60", "userResolved": false}