{"status": "READY", "relations": [], "name": "review_9.txt", "language": "EN", "text": "i was greeted to get my oil changed and tire rotation.  they do alignments and tires are fair.  i will definitely return for another or other maintenance needs\n", "createdDate": 0, "typeResolved": true, "documentSet": [], "preannotation": ["PRE_LW"], "version": 3, "sentences": [{"tokens": [{"text": "i", "begin": 0, "end": 1, "id": "s0-t0", "whiteSpace": false}, {"text": "was", "begin": 2, "end": 5, "id": "s0-t1", "whiteSpace": false}, {"text": "greeted", "begin": 6, "end": 13, "id": "s0-t2", "whiteSpace": false}, {"text": "to", "begin": 14, "end": 16, "id": "s0-t3", "whiteSpace": false}, {"text": "get", "begin": 17, "end": 20, "id": "s0-t4", "whiteSpace": false}, {"text": "my", "begin": 21, "end": 23, "id": "s0-t5", "whiteSpace": false}, {"text": "oil", "begin": 24, "end": 27, "id": "s0-t6", "whiteSpace": false}, {"text": "changed", "begin": 28, "end": 35, "id": "s0-t7", "whiteSpace": false}, {"text": "and", "begin": 36, "end": 39, "id": "s0-t8", "whiteSpace": false}, {"text": "tire", "begin": 40, "end": 44, "id": "s0-t9", "whiteSpace": false}, {"text": "rotation", "begin": 45, "end": 53, "id": "s0-t10", "whiteSpace": false}, {"text": ".", "begin": 53, "end": 54, "id": "s0-t11", "whiteSpace": false}], "text": "i was greeted to get my oil changed and tire rotation.", "begin": 0, "end": 54, "id": "s0"}, {"tokens": [{"text": "they", "begin": 56, "end": 60, "id": "s1-t0", "whiteSpace": false}, {"text": "do", "begin": 61, "end": 63, "id": "s1-t1", "whiteSpace": false}, {"text": "alignments", "begin": 64, "end": 74, "id": "s1-t2", "whiteSpace": false}, {"text": "and", "begin": 75, "end": 78, "id": "s1-t3", "whiteSpace": false}, {"text": "tires", "begin": 79, "end": 84, "id": "s1-t4", "whiteSpace": false}, {"text": "are", "begin": 85, "end": 88, "id": "s1-t5", "whiteSpace": false}, {"text": "fair", "begin": 89, "end": 93, "id": "s1-t6", "whiteSpace": false}, {"text": ".", "begin": 93, "end": 94, "id": "s1-t7", "whiteSpace": false}], "text": "they do alignments and tires are fair.", "begin": 56, "end": 94, "id": "s1"}, {"tokens": [{"text": "i", "begin": 96, "end": 97, "id": "s2-t0", "whiteSpace": false}, {"text": "will", "begin": 98, "end": 102, "id": "s2-t1", "whiteSpace": false}, {"text": "definitely", "begin": 103, "end": 113, "id": "s2-t2", "whiteSpace": false}, {"text": "return", "begin": 114, "end": 120, "id": "s2-t3", "whiteSpace": false}, {"text": "for", "begin": 121, "end": 124, "id": "s2-t4", "whiteSpace": false}, {"text": "another", "begin": 125, "end": 132, "id": "s2-t5", "whiteSpace": false}, {"text": "or", "begin": 133, "end": 135, "id": "s2-t6", "whiteSpace": false}, {"text": "other", "begin": 136, "end": 141, "id": "s2-t7", "whiteSpace": false}, {"text": "maintenance", "begin": 142, "end": 153, "id": "s2-t8", "whiteSpace": false}, {"text": "needs", "begin": 154, "end": 159, "id": "s2-t9", "whiteSpace": false}], "text": "i will definitely return for another or other maintenance needs", "begin": 96, "end": 159, "id": "s2"}], "modifiedDate": 1590525833573, "docLength": 0, "mentions": [{"begin": 40, "end": 44, "inCoref": false, "properties": {"SIRE_ENTITY_SUBTYPE": "Tires", "SIRE_MENTION_TYPE": "Repair", "SIRE_MENTION_CLASS": "SPC", "SIRE_MENTION_ROLE": "Repair"}, "source": "PREANNOTATION", "type": "Repair", "id": "m1"}, {"begin": 45, "end": 53, "inCoref": false, "properties": {"SIRE_ENTITY_SUBTYPE": "Tires", "SIRE_MENTION_TYPE": "Repair", "SIRE_MENTION_CLASS": "SPC", "SIRE_MENTION_ROLE": "Repair"}, "source": "PREANNOTATION", "type": "Repair", "id": "m2"}, {"begin": 79, "end": 84, "inCoref": false, "properties": {"SIRE_ENTITY_SUBTYPE": "Tires", "SIRE_MENTION_TYPE": "Repair", "SIRE_MENTION_CLASS": "SPC", "SIRE_MENTION_ROLE": "Repair"}, "source": "PREANNOTATION", "type": "Repair", "id": "m3"}], "corefs": [], "id": "8a2a6550-9f91-11ea-9fed-efe5f3c36d5e-8", "userResolved": false}