{"status": "READY", "relations": [], "name": "review_86.txt", "language": "EN", "text": "i had to get a flat tire swapped out. they did a really great job, quick and efficient\n", "createdDate": 0, "typeResolved": true, "documentSet": [], "preannotation": ["PRE_LW"], "version": 3, "sentences": [{"tokens": [{"text": "i", "begin": 0, "end": 1, "id": "s0-t0", "whiteSpace": false}, {"text": "had", "begin": 2, "end": 5, "id": "s0-t1", "whiteSpace": false}, {"text": "to", "begin": 6, "end": 8, "id": "s0-t2", "whiteSpace": false}, {"text": "get", "begin": 9, "end": 12, "id": "s0-t3", "whiteSpace": false}, {"text": "a", "begin": 13, "end": 14, "id": "s0-t4", "whiteSpace": false}, {"text": "flat", "begin": 15, "end": 19, "id": "s0-t5", "whiteSpace": false}, {"text": "tire", "begin": 20, "end": 24, "id": "s0-t6", "whiteSpace": false}, {"text": "swapped", "begin": 25, "end": 32, "id": "s0-t7", "whiteSpace": false}, {"text": "out", "begin": 33, "end": 36, "id": "s0-t8", "whiteSpace": false}, {"text": ".", "begin": 36, "end": 37, "id": "s0-t9", "whiteSpace": false}], "text": "i had to get a flat tire swapped out.", "begin": 0, "end": 37, "id": "s0"}, {"tokens": [{"text": "they", "begin": 38, "end": 42, "id": "s1-t0", "whiteSpace": false}, {"text": "did", "begin": 43, "end": 46, "id": "s1-t1", "whiteSpace": false}, {"text": "a", "begin": 47, "end": 48, "id": "s1-t2", "whiteSpace": false}, {"text": "really", "begin": 49, "end": 55, "id": "s1-t3", "whiteSpace": false}, {"text": "great", "begin": 56, "end": 61, "id": "s1-t4", "whiteSpace": false}, {"text": "job", "begin": 62, "end": 65, "id": "s1-t5", "whiteSpace": false}, {"text": ",", "begin": 65, "end": 66, "id": "s1-t6", "whiteSpace": false}, {"text": "quick", "begin": 67, "end": 72, "id": "s1-t7", "whiteSpace": false}, {"text": "and", "begin": 73, "end": 76, "id": "s1-t8", "whiteSpace": false}, {"text": "efficient", "begin": 77, "end": 86, "id": "s1-t9", "whiteSpace": false}], "text": "they did a really great job, quick and efficient", "begin": 38, "end": 86, "id": "s1"}], "modifiedDate": 1590525833573, "docLength": 0, "mentions": [{"begin": 15, "end": 19, "inCoref": false, "properties": {"SIRE_ENTITY_SUBTYPE": "Tires", "SIRE_MENTION_TYPE": "Repair", "SIRE_MENTION_CLASS": "SPC", "SIRE_MENTION_ROLE": "Repair"}, "source": "PREANNOTATION", "type": "Repair", "id": "m1"}, {"begin": 20, "end": 24, "inCoref": false, "properties": {"SIRE_ENTITY_SUBTYPE": "Tires", "SIRE_MENTION_TYPE": "Repair", "SIRE_MENTION_CLASS": "SPC", "SIRE_MENTION_ROLE": "Repair"}, "source": "PREANNOTATION", "type": "Repair", "id": "m2"}], "corefs": [], "id": "8a2a6550-9f91-11ea-9fed-efe5f3c36d5e-85", "userResolved": false}