{"status": "READY", "relations": [], "name": "review_58.txt", "language": "EN", "text": "dropped my car off to cody during land and the waiting area was a great price.  i will definitely be back again if needed and it is the best place to repair a chip in the windshield.\n", "createdDate": 0, "typeResolved": true, "documentSet": [], "preannotation": ["PRE_LW"], "version": 3, "sentences": [{"tokens": [{"text": "dropped", "begin": 0, "end": 7, "id": "s0-t0", "whiteSpace": false}, {"text": "my", "begin": 8, "end": 10, "id": "s0-t1", "whiteSpace": false}, {"text": "car", "begin": 11, "end": 14, "id": "s0-t2", "whiteSpace": false}, {"text": "off", "begin": 15, "end": 18, "id": "s0-t3", "whiteSpace": false}, {"text": "to", "begin": 19, "end": 21, "id": "s0-t4", "whiteSpace": false}, {"text": "cody", "begin": 22, "end": 26, "id": "s0-t5", "whiteSpace": false}, {"text": "during", "begin": 27, "end": 33, "id": "s0-t6", "whiteSpace": false}, {"text": "land", "begin": 34, "end": 38, "id": "s0-t7", "whiteSpace": false}, {"text": "and", "begin": 39, "end": 42, "id": "s0-t8", "whiteSpace": false}, {"text": "the", "begin": 43, "end": 46, "id": "s0-t9", "whiteSpace": false}, {"text": "waiting", "begin": 47, "end": 54, "id": "s0-t10", "whiteSpace": false}, {"text": "area", "begin": 55, "end": 59, "id": "s0-t11", "whiteSpace": false}, {"text": "was", "begin": 60, "end": 63, "id": "s0-t12", "whiteSpace": false}, {"text": "a", "begin": 64, "end": 65, "id": "s0-t13", "whiteSpace": false}, {"text": "great", "begin": 66, "end": 71, "id": "s0-t14", "whiteSpace": false}, {"text": "price", "begin": 72, "end": 77, "id": "s0-t15", "whiteSpace": false}, {"text": ".", "begin": 77, "end": 78, "id": "s0-t16", "whiteSpace": false}], "text": "dropped my car off to cody during land and the waiting area was a great price.", "begin": 0, "end": 78, "id": "s0"}, {"tokens": [{"text": "i", "begin": 80, "end": 81, "id": "s1-t0", "whiteSpace": false}, {"text": "will", "begin": 82, "end": 86, "id": "s1-t1", "whiteSpace": false}, {"text": "definitely", "begin": 87, "end": 97, "id": "s1-t2", "whiteSpace": false}, {"text": "be", "begin": 98, "end": 100, "id": "s1-t3", "whiteSpace": false}, {"text": "back", "begin": 101, "end": 105, "id": "s1-t4", "whiteSpace": false}, {"text": "again", "begin": 106, "end": 111, "id": "s1-t5", "whiteSpace": false}, {"text": "if", "begin": 112, "end": 114, "id": "s1-t6", "whiteSpace": false}, {"text": "needed", "begin": 115, "end": 121, "id": "s1-t7", "whiteSpace": false}, {"text": "and", "begin": 122, "end": 125, "id": "s1-t8", "whiteSpace": false}, {"text": "it", "begin": 126, "end": 128, "id": "s1-t9", "whiteSpace": false}, {"text": "is", "begin": 129, "end": 131, "id": "s1-t10", "whiteSpace": false}, {"text": "the", "begin": 132, "end": 135, "id": "s1-t11", "whiteSpace": false}, {"text": "best", "begin": 136, "end": 140, "id": "s1-t12", "whiteSpace": false}, {"text": "place", "begin": 141, "end": 146, "id": "s1-t13", "whiteSpace": false}, {"text": "to", "begin": 147, "end": 149, "id": "s1-t14", "whiteSpace": false}, {"text": "repair", "begin": 150, "end": 156, "id": "s1-t15", "whiteSpace": false}, {"text": "a", "begin": 157, "end": 158, "id": "s1-t16", "whiteSpace": false}, {"text": "chip", "begin": 159, "end": 163, "id": "s1-t17", "whiteSpace": false}, {"text": "in", "begin": 164, "end": 166, "id": "s1-t18", "whiteSpace": false}, {"text": "the", "begin": 167, "end": 170, "id": "s1-t19", "whiteSpace": false}, {"text": "windshield", "begin": 171, "end": 181, "id": "s1-t20", "whiteSpace": false}, {"text": ".", "begin": 181, "end": 182, "id": "s1-t21", "whiteSpace": false}], "text": "i will definitely be back again if needed and it is the best place to repair a chip in the windshield.", "begin": 80, "end": 182, "id": "s1"}], "modifiedDate": 1590525833573, "docLength": 0, "mentions": [{"begin": 171, "end": 181, "inCoref": false, "properties": {"SIRE_ENTITY_SUBTYPE": "Glass", "SIRE_MENTION_TYPE": "Repair", "SIRE_MENTION_CLASS": "SPC", "SIRE_MENTION_ROLE": "Repair"}, "source": "PREANNOTATION", "type": "Repair", "id": "m1"}], "corefs": [], "id": "8a2a6550-9f91-11ea-9fed-efe5f3c36d5e-57", "userResolved": false}