{"status": "READY", "relations": [], "name": "review_74.txt", "language": "EN", "text": "here was no line and they changed my oil really quickly. i would definitely recommend them to anyone.\n", "createdDate": 0, "typeResolved": true, "documentSet": [], "preannotation": ["PRE_LW"], "version": 3, "sentences": [{"tokens": [{"text": "here", "begin": 0, "end": 4, "id": "s0-t0", "whiteSpace": false}, {"text": "was", "begin": 5, "end": 8, "id": "s0-t1", "whiteSpace": false}, {"text": "no", "begin": 9, "end": 11, "id": "s0-t2", "whiteSpace": false}, {"text": "line", "begin": 12, "end": 16, "id": "s0-t3", "whiteSpace": false}, {"text": "and", "begin": 17, "end": 20, "id": "s0-t4", "whiteSpace": false}, {"text": "they", "begin": 21, "end": 25, "id": "s0-t5", "whiteSpace": false}, {"text": "changed", "begin": 26, "end": 33, "id": "s0-t6", "whiteSpace": false}, {"text": "my", "begin": 34, "end": 36, "id": "s0-t7", "whiteSpace": false}, {"text": "oil", "begin": 37, "end": 40, "id": "s0-t8", "whiteSpace": false}, {"text": "really", "begin": 41, "end": 47, "id": "s0-t9", "whiteSpace": false}, {"text": "quickly", "begin": 48, "end": 55, "id": "s0-t10", "whiteSpace": false}, {"text": ".", "begin": 55, "end": 56, "id": "s0-t11", "whiteSpace": false}], "text": "here was no line and they changed my oil really quickly.", "begin": 0, "end": 56, "id": "s0"}, {"tokens": [{"text": "i", "begin": 57, "end": 58, "id": "s1-t0", "whiteSpace": false}, {"text": "would", "begin": 59, "end": 64, "id": "s1-t1", "whiteSpace": false}, {"text": "definitely", "begin": 65, "end": 75, "id": "s1-t2", "whiteSpace": false}, {"text": "recommend", "begin": 76, "end": 85, "id": "s1-t3", "whiteSpace": false}, {"text": "them", "begin": 86, "end": 90, "id": "s1-t4", "whiteSpace": false}, {"text": "to", "begin": 91, "end": 93, "id": "s1-t5", "whiteSpace": false}, {"text": "anyone", "begin": 94, "end": 100, "id": "s1-t6", "whiteSpace": false}, {"text": ".", "begin": 100, "end": 101, "id": "s1-t7", "whiteSpace": false}], "text": "i would definitely recommend them to anyone.", "begin": 57, "end": 101, "id": "s1"}], "modifiedDate": 1590525833573, "docLength": 0, "mentions": [], "corefs": [], "id": "8a2a6550-9f91-11ea-9fed-efe5f3c36d5e-73", "userResolved": false}