{"status": "READY", "relations": [], "name": "review_78.txt", "language": "EN", "text": "went there for an oil change recently.  didn't know if they were able to get it done in an hour. they are always friendly and helpful. i'm a happy customer. i will definitely be back for any of our next tire services.\n", "createdDate": 0, "typeResolved": true, "documentSet": [], "preannotation": ["PRE_LW"], "version": 3, "sentences": [{"tokens": [{"text": "went", "begin": 0, "end": 4, "id": "s0-t0", "whiteSpace": false}, {"text": "there", "begin": 5, "end": 10, "id": "s0-t1", "whiteSpace": false}, {"text": "for", "begin": 11, "end": 14, "id": "s0-t2", "whiteSpace": false}, {"text": "an", "begin": 15, "end": 17, "id": "s0-t3", "whiteSpace": false}, {"text": "oil", "begin": 18, "end": 21, "id": "s0-t4", "whiteSpace": false}, {"text": "change", "begin": 22, "end": 28, "id": "s0-t5", "whiteSpace": false}, {"text": "recently", "begin": 29, "end": 37, "id": "s0-t6", "whiteSpace": false}, {"text": ".", "begin": 37, "end": 38, "id": "s0-t7", "whiteSpace": false}], "text": "went there for an oil change recently.", "begin": 0, "end": 38, "id": "s0"}, {"tokens": [{"text": "did", "begin": 40, "end": 43, "id": "s1-t0", "whiteSpace": false}, {"text": "n't", "begin": 43, "end": 46, "id": "s1-t1", "whiteSpace": false}, {"text": "know", "begin": 47, "end": 51, "id": "s1-t2", "whiteSpace": false}, {"text": "if", "begin": 52, "end": 54, "id": "s1-t3", "whiteSpace": false}, {"text": "they", "begin": 55, "end": 59, "id": "s1-t4", "whiteSpace": false}, {"text": "were", "begin": 60, "end": 64, "id": "s1-t5", "whiteSpace": false}, {"text": "able", "begin": 65, "end": 69, "id": "s1-t6", "whiteSpace": false}, {"text": "to", "begin": 70, "end": 72, "id": "s1-t7", "whiteSpace": false}, {"text": "get", "begin": 73, "end": 76, "id": "s1-t8", "whiteSpace": false}, {"text": "it", "begin": 77, "end": 79, "id": "s1-t9", "whiteSpace": false}, {"text": "done", "begin": 80, "end": 84, "id": "s1-t10", "whiteSpace": false}, {"text": "in", "begin": 85, "end": 87, "id": "s1-t11", "whiteSpace": false}, {"text": "an", "begin": 88, "end": 90, "id": "s1-t12", "whiteSpace": false}, {"text": "hour", "begin": 91, "end": 95, "id": "s1-t13", "whiteSpace": false}, {"text": ".", "begin": 95, "end": 96, "id": "s1-t14", "whiteSpace": false}], "text": "didn't know if they were able to get it done in an hour.", "begin": 40, "end": 96, "id": "s1"}, {"tokens": [{"text": "they", "begin": 97, "end": 101, "id": "s2-t0", "whiteSpace": false}, {"text": "are", "begin": 102, "end": 105, "id": "s2-t1", "whiteSpace": false}, {"text": "always", "begin": 106, "end": 112, "id": "s2-t2", "whiteSpace": false}, {"text": "friendly", "begin": 113, "end": 121, "id": "s2-t3", "whiteSpace": false}, {"text": "and", "begin": 122, "end": 125, "id": "s2-t4", "whiteSpace": false}, {"text": "helpful", "begin": 126, "end": 133, "id": "s2-t5", "whiteSpace": false}, {"text": ".", "begin": 133, "end": 134, "id": "s2-t6", "whiteSpace": false}], "text": "they are always friendly and helpful.", "begin": 97, "end": 134, "id": "s2"}, {"tokens": [{"text": "i", "begin": 135, "end": 136, "id": "s3-t0", "whiteSpace": false}, {"text": "'m", "begin": 136, "end": 138, "id": "s3-t1", "whiteSpace": false}, {"text": "a", "begin": 139, "end": 140, "id": "s3-t2", "whiteSpace": false}, {"text": "happy", "begin": 141, "end": 146, "id": "s3-t3", "whiteSpace": false}, {"text": "customer", "begin": 147, "end": 155, "id": "s3-t4", "whiteSpace": false}, {"text": ".", "begin": 155, "end": 156, "id": "s3-t5", "whiteSpace": false}], "text": "i'm a happy customer.", "begin": 135, "end": 156, "id": "s3"}, {"tokens": [{"text": "i", "begin": 157, "end": 158, "id": "s4-t0", "whiteSpace": false}, {"text": "will", "begin": 159, "end": 163, "id": "s4-t1", "whiteSpace": false}, {"text": "definitely", "begin": 164, "end": 174, "id": "s4-t2", "whiteSpace": false}, {"text": "be", "begin": 175, "end": 177, "id": "s4-t3", "whiteSpace": false}, {"text": "back", "begin": 178, "end": 182, "id": "s4-t4", "whiteSpace": false}, {"text": "for", "begin": 183, "end": 186, "id": "s4-t5", "whiteSpace": false}, {"text": "any", "begin": 187, "end": 190, "id": "s4-t6", "whiteSpace": false}, {"text": "of", "begin": 191, "end": 193, "id": "s4-t7", "whiteSpace": false}, {"text": "our", "begin": 194, "end": 197, "id": "s4-t8", "whiteSpace": false}, {"text": "next", "begin": 198, "end": 202, "id": "s4-t9", "whiteSpace": false}, {"text": "tire", "begin": 203, "end": 207, "id": "s4-t10", "whiteSpace": false}, {"text": "services", "begin": 208, "end": 216, "id": "s4-t11", "whiteSpace": false}, {"text": ".", "begin": 216, "end": 217, "id": "s4-t12", "whiteSpace": false}], "text": "i will definitely be back for any of our next tire services.", "begin": 157, "end": 217, "id": "s4"}], "modifiedDate": 1590525833573, "docLength": 0, "mentions": [{"begin": 18, "end": 28, "inCoref": false, "properties": {"SIRE_ENTITY_SUBTYPE": "Maintenance", "SIRE_MENTION_TYPE": "Repair", "SIRE_MENTION_CLASS": "SPC", "SIRE_MENTION_ROLE": "Repair"}, "source": "PREANNOTATION", "type": "Repair", "id": "m1"}, {"begin": 203, "end": 207, "inCoref": false, "properties": {"SIRE_ENTITY_SUBTYPE": "Tires", "SIRE_MENTION_TYPE": "Repair", "SIRE_MENTION_CLASS": "SPC", "SIRE_MENTION_ROLE": "Repair"}, "source": "PREANNOTATION", "type": "Repair", "id": "m2"}], "corefs": [], "id": "8a2a6550-9f91-11ea-9fed-efe5f3c36d5e-77", "userResolved": false}