{"status": "READY", "relations": [], "name": "review_43.txt", "language": "EN", "text": "i had a great experience here.  they were able to get me in and out in less than an hour. i will definitely be back for future services.\n", "createdDate": 0, "typeResolved": true, "documentSet": [], "preannotation": ["PRE_LW"], "version": 3, "sentences": [{"tokens": [{"text": "i", "begin": 0, "end": 1, "id": "s0-t0", "whiteSpace": false}, {"text": "had", "begin": 2, "end": 5, "id": "s0-t1", "whiteSpace": false}, {"text": "a", "begin": 6, "end": 7, "id": "s0-t2", "whiteSpace": false}, {"text": "great", "begin": 8, "end": 13, "id": "s0-t3", "whiteSpace": false}, {"text": "experience", "begin": 14, "end": 24, "id": "s0-t4", "whiteSpace": false}, {"text": "here", "begin": 25, "end": 29, "id": "s0-t5", "whiteSpace": false}, {"text": ".", "begin": 29, "end": 30, "id": "s0-t6", "whiteSpace": false}], "text": "i had a great experience here.", "begin": 0, "end": 30, "id": "s0"}, {"tokens": [{"text": "they", "begin": 32, "end": 36, "id": "s1-t0", "whiteSpace": false}, {"text": "were", "begin": 37, "end": 41, "id": "s1-t1", "whiteSpace": false}, {"text": "able", "begin": 42, "end": 46, "id": "s1-t2", "whiteSpace": false}, {"text": "to", "begin": 47, "end": 49, "id": "s1-t3", "whiteSpace": false}, {"text": "get", "begin": 50, "end": 53, "id": "s1-t4", "whiteSpace": false}, {"text": "me", "begin": 54, "end": 56, "id": "s1-t5", "whiteSpace": false}, {"text": "in", "begin": 57, "end": 59, "id": "s1-t6", "whiteSpace": false}, {"text": "and", "begin": 60, "end": 63, "id": "s1-t7", "whiteSpace": false}, {"text": "out", "begin": 64, "end": 67, "id": "s1-t8", "whiteSpace": false}, {"text": "in", "begin": 68, "end": 70, "id": "s1-t9", "whiteSpace": false}, {"text": "less", "begin": 71, "end": 75, "id": "s1-t10", "whiteSpace": false}, {"text": "than", "begin": 76, "end": 80, "id": "s1-t11", "whiteSpace": false}, {"text": "an", "begin": 81, "end": 83, "id": "s1-t12", "whiteSpace": false}, {"text": "hour", "begin": 84, "end": 88, "id": "s1-t13", "whiteSpace": false}, {"text": ".", "begin": 88, "end": 89, "id": "s1-t14", "whiteSpace": false}], "text": "they were able to get me in and out in less than an hour.", "begin": 32, "end": 89, "id": "s1"}, {"tokens": [{"text": "i", "begin": 90, "end": 91, "id": "s2-t0", "whiteSpace": false}, {"text": "will", "begin": 92, "end": 96, "id": "s2-t1", "whiteSpace": false}, {"text": "definitely", "begin": 97, "end": 107, "id": "s2-t2", "whiteSpace": false}, {"text": "be", "begin": 108, "end": 110, "id": "s2-t3", "whiteSpace": false}, {"text": "back", "begin": 111, "end": 115, "id": "s2-t4", "whiteSpace": false}, {"text": "for", "begin": 116, "end": 119, "id": "s2-t5", "whiteSpace": false}, {"text": "future", "begin": 120, "end": 126, "id": "s2-t6", "whiteSpace": false}, {"text": "services", "begin": 127, "end": 135, "id": "s2-t7", "whiteSpace": false}, {"text": ".", "begin": 135, "end": 136, "id": "s2-t8", "whiteSpace": false}], "text": "i will definitely be back for future services.", "begin": 90, "end": 136, "id": "s2"}], "modifiedDate": 1590525833573, "docLength": 0, "mentions": [], "corefs": [], "id": "8a2a6550-9f91-11ea-9fed-efe5f3c36d5e-42", "userResolved": false}