{"status": "READY", "relations": [], "name": "review_72.txt", "language": "EN", "text": "excellent customer service. i had a faulty sensor for my tire, and they were able to replace it\n", "createdDate": 0, "typeResolved": true, "documentSet": [], "preannotation": ["PRE_LW"], "version": 3, "sentences": [{"tokens": [{"text": "excellent", "begin": 0, "end": 9, "id": "s0-t0", "whiteSpace": false}, {"text": "customer", "begin": 10, "end": 18, "id": "s0-t1", "whiteSpace": false}, {"text": "service", "begin": 19, "end": 26, "id": "s0-t2", "whiteSpace": false}, {"text": ".", "begin": 26, "end": 27, "id": "s0-t3", "whiteSpace": false}], "text": "excellent customer service.", "begin": 0, "end": 27, "id": "s0"}, {"tokens": [{"text": "i", "begin": 28, "end": 29, "id": "s1-t0", "whiteSpace": false}, {"text": "had", "begin": 30, "end": 33, "id": "s1-t1", "whiteSpace": false}, {"text": "a", "begin": 34, "end": 35, "id": "s1-t2", "whiteSpace": false}, {"text": "faulty", "begin": 36, "end": 42, "id": "s1-t3", "whiteSpace": false}, {"text": "sensor", "begin": 43, "end": 49, "id": "s1-t4", "whiteSpace": false}, {"text": "for", "begin": 50, "end": 53, "id": "s1-t5", "whiteSpace": false}, {"text": "my", "begin": 54, "end": 56, "id": "s1-t6", "whiteSpace": false}, {"text": "tire", "begin": 57, "end": 61, "id": "s1-t7", "whiteSpace": false}, {"text": ",", "begin": 61, "end": 62, "id": "s1-t8", "whiteSpace": false}, {"text": "and", "begin": 63, "end": 66, "id": "s1-t9", "whiteSpace": false}, {"text": "they", "begin": 67, "end": 71, "id": "s1-t10", "whiteSpace": false}, {"text": "were", "begin": 72, "end": 76, "id": "s1-t11", "whiteSpace": false}, {"text": "able", "begin": 77, "end": 81, "id": "s1-t12", "whiteSpace": false}, {"text": "to", "begin": 82, "end": 84, "id": "s1-t13", "whiteSpace": false}, {"text": "replace", "begin": 85, "end": 92, "id": "s1-t14", "whiteSpace": false}, {"text": "it", "begin": 93, "end": 95, "id": "s1-t15", "whiteSpace": false}], "text": "i had a faulty sensor for my tire, and they were able to replace it", "begin": 28, "end": 95, "id": "s1"}], "modifiedDate": 1590525833573, "docLength": 0, "mentions": [{"begin": 57, "end": 61, "inCoref": false, "properties": {"SIRE_ENTITY_SUBTYPE": "Tires", "SIRE_MENTION_TYPE": "Repair", "SIRE_MENTION_CLASS": "SPC", "SIRE_MENTION_ROLE": "Repair"}, "source": "PREANNOTATION", "type": "Repair", "id": "m1"}], "corefs": [], "id": "8a2a6550-9f91-11ea-9fed-efe5f3c36d5e-71", "userResolved": false}