{"status": "READY", "relations": [], "name": "review_4.txt", "language": "EN", "text": "\"my wife's windshield was chipped, so i went to the dealership to get it fixed. they filled in the crack in my windshield and prevented it from getting any worse\"\n", "createdDate": 0, "typeResolved": true, "documentSet": [], "preannotation": ["PRE_LW"], "version": 3, "sentences": [{"tokens": [{"text": "\"", "begin": 0, "end": 1, "id": "s0-t0", "whiteSpace": false}, {"text": "my", "begin": 1, "end": 3, "id": "s0-t1", "whiteSpace": false}, {"text": "wife", "begin": 4, "end": 8, "id": "s0-t2", "whiteSpace": false}, {"text": "'s", "begin": 8, "end": 10, "id": "s0-t3", "whiteSpace": false}, {"text": "windshield", "begin": 11, "end": 21, "id": "s0-t4", "whiteSpace": false}, {"text": "was", "begin": 22, "end": 25, "id": "s0-t5", "whiteSpace": false}, {"text": "chipped", "begin": 26, "end": 33, "id": "s0-t6", "whiteSpace": false}, {"text": ",", "begin": 33, "end": 34, "id": "s0-t7", "whiteSpace": false}, {"text": "so", "begin": 35, "end": 37, "id": "s0-t8", "whiteSpace": false}, {"text": "i", "begin": 38, "end": 39, "id": "s0-t9", "whiteSpace": false}, {"text": "went", "begin": 40, "end": 44, "id": "s0-t10", "whiteSpace": false}, {"text": "to", "begin": 45, "end": 47, "id": "s0-t11", "whiteSpace": false}, {"text": "the", "begin": 48, "end": 51, "id": "s0-t12", "whiteSpace": false}, {"text": "dealership", "begin": 52, "end": 62, "id": "s0-t13", "whiteSpace": false}, {"text": "to", "begin": 63, "end": 65, "id": "s0-t14", "whiteSpace": false}, {"text": "get", "begin": 66, "end": 69, "id": "s0-t15", "whiteSpace": false}, {"text": "it", "begin": 70, "end": 72, "id": "s0-t16", "whiteSpace": false}, {"text": "fixed", "begin": 73, "end": 78, "id": "s0-t17", "whiteSpace": false}, {"text": ".", "begin": 78, "end": 79, "id": "s0-t18", "whiteSpace": false}], "text": "\"my wife's windshield was chipped, so i went to the dealership to get it fixed.", "begin": 0, "end": 79, "id": "s0"}, {"tokens": [{"text": "they", "begin": 80, "end": 84, "id": "s1-t0", "whiteSpace": false}, {"text": "filled", "begin": 85, "end": 91, "id": "s1-t1", "whiteSpace": false}, {"text": "in", "begin": 92, "end": 94, "id": "s1-t2", "whiteSpace": false}, {"text": "the", "begin": 95, "end": 98, "id": "s1-t3", "whiteSpace": false}, {"text": "crack", "begin": 99, "end": 104, "id": "s1-t4", "whiteSpace": false}, {"text": "in", "begin": 105, "end": 107, "id": "s1-t5", "whiteSpace": false}, {"text": "my", "begin": 108, "end": 110, "id": "s1-t6", "whiteSpace": false}, {"text": "windshield", "begin": 111, "end": 121, "id": "s1-t7", "whiteSpace": false}, {"text": "and", "begin": 122, "end": 125, "id": "s1-t8", "whiteSpace": false}, {"text": "prevented", "begin": 126, "end": 135, "id": "s1-t9", "whiteSpace": false}, {"text": "it", "begin": 136, "end": 138, "id": "s1-t10", "whiteSpace": false}, {"text": "from", "begin": 139, "end": 143, "id": "s1-t11", "whiteSpace": false}, {"text": "getting", "begin": 144, "end": 151, "id": "s1-t12", "whiteSpace": false}, {"text": "any", "begin": 152, "end": 155, "id": "s1-t13", "whiteSpace": false}, {"text": "worse", "begin": 156, "end": 161, "id": "s1-t14", "whiteSpace": false}, {"text": "\"", "begin": 161, "end": 162, "id": "s1-t15", "whiteSpace": false}], "text": "they filled in the crack in my windshield and prevented it from getting any worse\"", "begin": 80, "end": 162, "id": "s1"}], "modifiedDate": 1590525833573, "docLength": 0, "mentions": [{"begin": 11, "end": 21, "inCoref": false, "properties": {"SIRE_ENTITY_SUBTYPE": "Glass", "SIRE_MENTION_TYPE": "Repair", "SIRE_MENTION_CLASS": "SPC", "SIRE_MENTION_ROLE": "Repair"}, "source": "PREANNOTATION", "type": "Repair", "id": "m1"}, {"begin": 111, "end": 121, "inCoref": false, "properties": {"SIRE_ENTITY_SUBTYPE": "Glass", "SIRE_MENTION_TYPE": "Repair", "SIRE_MENTION_CLASS": "SPC", "SIRE_MENTION_ROLE": "Repair"}, "source": "PREANNOTATION", "type": "Repair", "id": "m2"}], "corefs": [], "id": "8a2a6550-9f91-11ea-9fed-efe5f3c36d5e-3", "userResolved": false}