{"status": "READY", "relations": [], "name": "review_83.txt", "language": "EN", "text": "tire shine was a little high but worth it, best work i've ever had.\n", "createdDate": 0, "typeResolved": true, "documentSet": [], "preannotation": ["PRE_LW"], "version": 3, "sentences": [{"tokens": [{"text": "tire", "begin": 0, "end": 4, "id": "s0-t0", "whiteSpace": false}, {"text": "shine", "begin": 5, "end": 10, "id": "s0-t1", "whiteSpace": false}, {"text": "was", "begin": 11, "end": 14, "id": "s0-t2", "whiteSpace": false}, {"text": "a", "begin": 15, "end": 16, "id": "s0-t3", "whiteSpace": false}, {"text": "little", "begin": 17, "end": 23, "id": "s0-t4", "whiteSpace": false}, {"text": "high", "begin": 24, "end": 28, "id": "s0-t5", "whiteSpace": false}, {"text": "but", "begin": 29, "end": 32, "id": "s0-t6", "whiteSpace": false}, {"text": "worth", "begin": 33, "end": 38, "id": "s0-t7", "whiteSpace": false}, {"text": "it", "begin": 39, "end": 41, "id": "s0-t8", "whiteSpace": false}, {"text": ",", "begin": 41, "end": 42, "id": "s0-t9", "whiteSpace": false}, {"text": "best", "begin": 43, "end": 47, "id": "s0-t10", "whiteSpace": false}, {"text": "work", "begin": 48, "end": 52, "id": "s0-t11", "whiteSpace": false}, {"text": "i", "begin": 53, "end": 54, "id": "s0-t12", "whiteSpace": false}, {"text": "'ve", "begin": 54, "end": 57, "id": "s0-t13", "whiteSpace": false}, {"text": "ever", "begin": 58, "end": 62, "id": "s0-t14", "whiteSpace": false}, {"text": "had", "begin": 63, "end": 66, "id": "s0-t15", "whiteSpace": false}, {"text": ".", "begin": 66, "end": 67, "id": "s0-t16", "whiteSpace": false}], "text": "tire shine was a little high but worth it, best work i've ever had.", "begin": 0, "end": 67, "id": "s0"}], "modifiedDate": 1590525833573, "docLength": 0, "mentions": [{"begin": 0, "end": 4, "inCoref": false, "properties": {"SIRE_ENTITY_SUBTYPE": "Tires", "SIRE_MENTION_TYPE": "Repair", "SIRE_MENTION_CLASS": "SPC", "SIRE_MENTION_ROLE": "Repair"}, "source": "PREANNOTATION", "type": "Repair", "id": "m1"}], "corefs": [], "id": "8a2a6550-9f91-11ea-9fed-efe5f3c36d5e-82", "userResolved": false}