{"status": "READY", "relations": [], "name": "review_52.txt", "language": "EN", "text": "pulled in to get my oil changed here and they were able to fix my tire for free\n", "createdDate": 0, "typeResolved": true, "documentSet": [], "preannotation": ["PRE_LW"], "version": 3, "sentences": [{"tokens": [{"text": "pulled", "begin": 0, "end": 6, "id": "s0-t0", "whiteSpace": false}, {"text": "in", "begin": 7, "end": 9, "id": "s0-t1", "whiteSpace": false}, {"text": "to", "begin": 10, "end": 12, "id": "s0-t2", "whiteSpace": false}, {"text": "get", "begin": 13, "end": 16, "id": "s0-t3", "whiteSpace": false}, {"text": "my", "begin": 17, "end": 19, "id": "s0-t4", "whiteSpace": false}, {"text": "oil", "begin": 20, "end": 23, "id": "s0-t5", "whiteSpace": false}, {"text": "changed", "begin": 24, "end": 31, "id": "s0-t6", "whiteSpace": false}, {"text": "here", "begin": 32, "end": 36, "id": "s0-t7", "whiteSpace": false}, {"text": "and", "begin": 37, "end": 40, "id": "s0-t8", "whiteSpace": false}, {"text": "they", "begin": 41, "end": 45, "id": "s0-t9", "whiteSpace": false}, {"text": "were", "begin": 46, "end": 50, "id": "s0-t10", "whiteSpace": false}, {"text": "able", "begin": 51, "end": 55, "id": "s0-t11", "whiteSpace": false}, {"text": "to", "begin": 56, "end": 58, "id": "s0-t12", "whiteSpace": false}, {"text": "fix", "begin": 59, "end": 62, "id": "s0-t13", "whiteSpace": false}, {"text": "my", "begin": 63, "end": 65, "id": "s0-t14", "whiteSpace": false}, {"text": "tire", "begin": 66, "end": 70, "id": "s0-t15", "whiteSpace": false}, {"text": "for", "begin": 71, "end": 74, "id": "s0-t16", "whiteSpace": false}, {"text": "free", "begin": 75, "end": 79, "id": "s0-t17", "whiteSpace": false}], "text": "pulled in to get my oil changed here and they were able to fix my tire for free", "begin": 0, "end": 79, "id": "s0"}], "modifiedDate": 1590525833573, "docLength": 0, "mentions": [{"begin": 66, "end": 70, "inCoref": false, "properties": {"SIRE_ENTITY_SUBTYPE": "Tires", "SIRE_MENTION_TYPE": "Repair", "SIRE_MENTION_CLASS": "SPC", "SIRE_MENTION_ROLE": "Repair"}, "source": "PREANNOTATION", "type": "Repair", "id": "m1"}], "corefs": [], "id": "8a2a6550-9f91-11ea-9fed-efe5f3c36d5e-51", "userResolved": false}