{"status": "READY", "relations": [], "name": "review_55.txt", "language": "EN", "text": " they always give me a pretty good price on oil changes and they were extremely helpful and explained everything for a service car wash and they were super fast and efficient.  i will definitely be back again if needed.\n", "createdDate": 0, "typeResolved": true, "documentSet": [], "preannotation": ["PRE_LW"], "version": 3, "sentences": [{"tokens": [{"text": "they", "begin": 1, "end": 5, "id": "s0-t0", "whiteSpace": false}, {"text": "always", "begin": 6, "end": 12, "id": "s0-t1", "whiteSpace": false}, {"text": "give", "begin": 13, "end": 17, "id": "s0-t2", "whiteSpace": false}, {"text": "me", "begin": 18, "end": 20, "id": "s0-t3", "whiteSpace": false}, {"text": "a", "begin": 21, "end": 22, "id": "s0-t4", "whiteSpace": false}, {"text": "pretty", "begin": 23, "end": 29, "id": "s0-t5", "whiteSpace": false}, {"text": "good", "begin": 30, "end": 34, "id": "s0-t6", "whiteSpace": false}, {"text": "price", "begin": 35, "end": 40, "id": "s0-t7", "whiteSpace": false}, {"text": "on", "begin": 41, "end": 43, "id": "s0-t8", "whiteSpace": false}, {"text": "oil", "begin": 44, "end": 47, "id": "s0-t9", "whiteSpace": false}, {"text": "changes", "begin": 48, "end": 55, "id": "s0-t10", "whiteSpace": false}, {"text": "and", "begin": 56, "end": 59, "id": "s0-t11", "whiteSpace": false}, {"text": "they", "begin": 60, "end": 64, "id": "s0-t12", "whiteSpace": false}, {"text": "were", "begin": 65, "end": 69, "id": "s0-t13", "whiteSpace": false}, {"text": "extremely", "begin": 70, "end": 79, "id": "s0-t14", "whiteSpace": false}, {"text": "helpful", "begin": 80, "end": 87, "id": "s0-t15", "whiteSpace": false}, {"text": "and", "begin": 88, "end": 91, "id": "s0-t16", "whiteSpace": false}, {"text": "explained", "begin": 92, "end": 101, "id": "s0-t17", "whiteSpace": false}, {"text": "everything", "begin": 102, "end": 112, "id": "s0-t18", "whiteSpace": false}, {"text": "for", "begin": 113, "end": 116, "id": "s0-t19", "whiteSpace": false}, {"text": "a", "begin": 117, "end": 118, "id": "s0-t20", "whiteSpace": false}, {"text": "service", "begin": 119, "end": 126, "id": "s0-t21", "whiteSpace": false}, {"text": "car", "begin": 127, "end": 130, "id": "s0-t22", "whiteSpace": false}, {"text": "wash", "begin": 131, "end": 135, "id": "s0-t23", "whiteSpace": false}, {"text": "and", "begin": 136, "end": 139, "id": "s0-t24", "whiteSpace": false}, {"text": "they", "begin": 140, "end": 144, "id": "s0-t25", "whiteSpace": false}, {"text": "were", "begin": 145, "end": 149, "id": "s0-t26", "whiteSpace": false}, {"text": "super", "begin": 150, "end": 155, "id": "s0-t27", "whiteSpace": false}, {"text": "fast", "begin": 156, "end": 160, "id": "s0-t28", "whiteSpace": false}, {"text": "and", "begin": 161, "end": 164, "id": "s0-t29", "whiteSpace": false}, {"text": "efficient", "begin": 165, "end": 174, "id": "s0-t30", "whiteSpace": false}, {"text": ".", "begin": 174, "end": 175, "id": "s0-t31", "whiteSpace": false}], "text": "they always give me a pretty good price on oil changes and they were extremely helpful and explained everything for a service car wash and they were super fast and efficient.", "begin": 1, "end": 175, "id": "s0"}, {"tokens": [{"text": "i", "begin": 177, "end": 178, "id": "s1-t0", "whiteSpace": false}, {"text": "will", "begin": 179, "end": 183, "id": "s1-t1", "whiteSpace": false}, {"text": "definitely", "begin": 184, "end": 194, "id": "s1-t2", "whiteSpace": false}, {"text": "be", "begin": 195, "end": 197, "id": "s1-t3", "whiteSpace": false}, {"text": "back", "begin": 198, "end": 202, "id": "s1-t4", "whiteSpace": false}, {"text": "again", "begin": 203, "end": 208, "id": "s1-t5", "whiteSpace": false}, {"text": "if", "begin": 209, "end": 211, "id": "s1-t6", "whiteSpace": false}, {"text": "needed", "begin": 212, "end": 218, "id": "s1-t7", "whiteSpace": false}, {"text": ".", "begin": 218, "end": 219, "id": "s1-t8", "whiteSpace": false}], "text": "i will definitely be back again if needed.", "begin": 177, "end": 219, "id": "s1"}], "modifiedDate": 1590525833573, "docLength": 0, "mentions": [{"begin": 131, "end": 135, "inCoref": false, "properties": {"SIRE_ENTITY_SUBTYPE": "Maintenance", "SIRE_MENTION_TYPE": "Repair", "SIRE_MENTION_CLASS": "SPC", "SIRE_MENTION_ROLE": "Repair"}, "source": "PREANNOTATION", "type": "Repair", "id": "m1"}], "corefs": [], "id": "8a2a6550-9f91-11ea-9fed-efe5f3c36d5e-54", "userResolved": false}