{"status": "READY", "relations": [], "name": "review_65.txt", "language": "EN", "text": "saved me over $50. car looks fine. great prices and affordable. would definitely recommend this place for tires and used tires!\n", "createdDate": 0, "typeResolved": true, "documentSet": [], "preannotation": ["PRE_LW"], "version": 3, "sentences": [{"tokens": [{"text": "saved", "begin": 0, "end": 5, "id": "s0-t0", "whiteSpace": false}, {"text": "me", "begin": 6, "end": 8, "id": "s0-t1", "whiteSpace": false}, {"text": "over", "begin": 9, "end": 13, "id": "s0-t2", "whiteSpace": false}, {"text": "$", "begin": 14, "end": 15, "id": "s0-t3", "whiteSpace": false}, {"text": "50", "begin": 15, "end": 17, "id": "s0-t4", "whiteSpace": false}, {"text": ".", "begin": 17, "end": 18, "id": "s0-t5", "whiteSpace": false}], "text": "saved me over $50.", "begin": 0, "end": 18, "id": "s0"}, {"tokens": [{"text": "car", "begin": 19, "end": 22, "id": "s1-t0", "whiteSpace": false}, {"text": "looks", "begin": 23, "end": 28, "id": "s1-t1", "whiteSpace": false}, {"text": "fine", "begin": 29, "end": 33, "id": "s1-t2", "whiteSpace": false}, {"text": ".", "begin": 33, "end": 34, "id": "s1-t3", "whiteSpace": false}], "text": "car looks fine.", "begin": 19, "end": 34, "id": "s1"}, {"tokens": [{"text": "great", "begin": 35, "end": 40, "id": "s2-t0", "whiteSpace": false}, {"text": "prices", "begin": 41, "end": 47, "id": "s2-t1", "whiteSpace": false}, {"text": "and", "begin": 48, "end": 51, "id": "s2-t2", "whiteSpace": false}, {"text": "affordable", "begin": 52, "end": 62, "id": "s2-t3", "whiteSpace": false}, {"text": ".", "begin": 62, "end": 63, "id": "s2-t4", "whiteSpace": false}], "text": "great prices and affordable.", "begin": 35, "end": 63, "id": "s2"}, {"tokens": [{"text": "would", "begin": 64, "end": 69, "id": "s3-t0", "whiteSpace": false}, {"text": "definitely", "begin": 70, "end": 80, "id": "s3-t1", "whiteSpace": false}, {"text": "recommend", "begin": 81, "end": 90, "id": "s3-t2", "whiteSpace": false}, {"text": "this", "begin": 91, "end": 95, "id": "s3-t3", "whiteSpace": false}, {"text": "place", "begin": 96, "end": 101, "id": "s3-t4", "whiteSpace": false}, {"text": "for", "begin": 102, "end": 105, "id": "s3-t5", "whiteSpace": false}, {"text": "tires", "begin": 106, "end": 111, "id": "s3-t6", "whiteSpace": false}, {"text": "and", "begin": 112, "end": 115, "id": "s3-t7", "whiteSpace": false}, {"text": "used", "begin": 116, "end": 120, "id": "s3-t8", "whiteSpace": false}, {"text": "tires", "begin": 121, "end": 126, "id": "s3-t9", "whiteSpace": false}, {"text": "!", "begin": 126, "end": 127, "id": "s3-t10", "whiteSpace": false}], "text": "would definitely recommend this place for tires and used tires!", "begin": 64, "end": 127, "id": "s3"}], "modifiedDate": 1590525833573, "docLength": 0, "mentions": [{"begin": 106, "end": 111, "inCoref": false, "properties": {"SIRE_ENTITY_SUBTYPE": "Tires", "SIRE_MENTION_TYPE": "Repair", "SIRE_MENTION_CLASS": "SPC", "SIRE_MENTION_ROLE": "Repair"}, "source": "PREANNOTATION", "type": "Repair", "id": "m1"}, {"begin": 121, "end": 126, "inCoref": false, "properties": {"SIRE_ENTITY_SUBTYPE": "Tires", "SIRE_MENTION_TYPE": "Repair", "SIRE_MENTION_CLASS": "SPC", "SIRE_MENTION_ROLE": "Repair"}, "source": "PREANNOTATION", "type": "Repair", "id": "m2"}], "corefs": [], "id": "8a2a6550-9f91-11ea-9fed-efe5f3c36d5e-64", "userResolved": false}