{"status": "READY", "relations": [], "name": "review_54.txt", "language": "EN", "text": "i have a chip in the windshield. they were able to get me in and out in under 30 minutes and they were able to fix the window within 15 minutes\n", "createdDate": 0, "typeResolved": true, "documentSet": [], "preannotation": ["PRE_LW"], "version": 3, "sentences": [{"tokens": [{"text": "i", "begin": 0, "end": 1, "id": "s0-t0", "whiteSpace": false}, {"text": "have", "begin": 2, "end": 6, "id": "s0-t1", "whiteSpace": false}, {"text": "a", "begin": 7, "end": 8, "id": "s0-t2", "whiteSpace": false}, {"text": "chip", "begin": 9, "end": 13, "id": "s0-t3", "whiteSpace": false}, {"text": "in", "begin": 14, "end": 16, "id": "s0-t4", "whiteSpace": false}, {"text": "the", "begin": 17, "end": 20, "id": "s0-t5", "whiteSpace": false}, {"text": "windshield", "begin": 21, "end": 31, "id": "s0-t6", "whiteSpace": false}, {"text": ".", "begin": 31, "end": 32, "id": "s0-t7", "whiteSpace": false}], "text": "i have a chip in the windshield.", "begin": 0, "end": 32, "id": "s0"}, {"tokens": [{"text": "they", "begin": 33, "end": 37, "id": "s1-t0", "whiteSpace": false}, {"text": "were", "begin": 38, "end": 42, "id": "s1-t1", "whiteSpace": false}, {"text": "able", "begin": 43, "end": 47, "id": "s1-t2", "whiteSpace": false}, {"text": "to", "begin": 48, "end": 50, "id": "s1-t3", "whiteSpace": false}, {"text": "get", "begin": 51, "end": 54, "id": "s1-t4", "whiteSpace": false}, {"text": "me", "begin": 55, "end": 57, "id": "s1-t5", "whiteSpace": false}, {"text": "in", "begin": 58, "end": 60, "id": "s1-t6", "whiteSpace": false}, {"text": "and", "begin": 61, "end": 64, "id": "s1-t7", "whiteSpace": false}, {"text": "out", "begin": 65, "end": 68, "id": "s1-t8", "whiteSpace": false}, {"text": "in", "begin": 69, "end": 71, "id": "s1-t9", "whiteSpace": false}, {"text": "under", "begin": 72, "end": 77, "id": "s1-t10", "whiteSpace": false}, {"text": "30", "begin": 78, "end": 80, "id": "s1-t11", "whiteSpace": false}, {"text": "minutes", "begin": 81, "end": 88, "id": "s1-t12", "whiteSpace": false}, {"text": "and", "begin": 89, "end": 92, "id": "s1-t13", "whiteSpace": false}, {"text": "they", "begin": 93, "end": 97, "id": "s1-t14", "whiteSpace": false}, {"text": "were", "begin": 98, "end": 102, "id": "s1-t15", "whiteSpace": false}, {"text": "able", "begin": 103, "end": 107, "id": "s1-t16", "whiteSpace": false}, {"text": "to", "begin": 108, "end": 110, "id": "s1-t17", "whiteSpace": false}, {"text": "fix", "begin": 111, "end": 114, "id": "s1-t18", "whiteSpace": false}, {"text": "the", "begin": 115, "end": 118, "id": "s1-t19", "whiteSpace": false}, {"text": "window", "begin": 119, "end": 125, "id": "s1-t20", "whiteSpace": false}, {"text": "within", "begin": 126, "end": 132, "id": "s1-t21", "whiteSpace": false}, {"text": "15", "begin": 133, "end": 135, "id": "s1-t22", "whiteSpace": false}, {"text": "minutes", "begin": 136, "end": 143, "id": "s1-t23", "whiteSpace": false}], "text": "they were able to get me in and out in under 30 minutes and they were able to fix the window within 15 minutes", "begin": 33, "end": 143, "id": "s1"}], "modifiedDate": 1590525833573, "docLength": 0, "mentions": [{"begin": 21, "end": 31, "inCoref": false, "properties": {"SIRE_ENTITY_SUBTYPE": "Glass", "SIRE_MENTION_TYPE": "Repair", "SIRE_MENTION_CLASS": "SPC", "SIRE_MENTION_ROLE": "Repair"}, "source": "PREANNOTATION", "type": "Repair", "id": "m1"}, {"begin": 119, "end": 125, "inCoref": false, "properties": {"SIRE_ENTITY_SUBTYPE": "Glass", "SIRE_MENTION_TYPE": "Repair", "SIRE_MENTION_CLASS": "SPC", "SIRE_MENTION_ROLE": "Repair"}, "source": "PREANNOTATION", "type": "Repair", "id": "m2"}], "corefs": [], "id": "8a2a6550-9f91-11ea-9fed-efe5f3c36d5e-53", "userResolved": false}