{"status": "READY", "relations": [], "name": "review_18.txt", "language": "EN", "text": "i had a nail in my tire and they did a great job.  i was able to get an appointment and they got me in and out within an hour\n", "createdDate": 0, "typeResolved": true, "documentSet": [], "preannotation": ["PRE_LW"], "version": 3, "sentences": [{"tokens": [{"text": "i", "begin": 0, "end": 1, "id": "s0-t0", "whiteSpace": false}, {"text": "had", "begin": 2, "end": 5, "id": "s0-t1", "whiteSpace": false}, {"text": "a", "begin": 6, "end": 7, "id": "s0-t2", "whiteSpace": false}, {"text": "nail", "begin": 8, "end": 12, "id": "s0-t3", "whiteSpace": false}, {"text": "in", "begin": 13, "end": 15, "id": "s0-t4", "whiteSpace": false}, {"text": "my", "begin": 16, "end": 18, "id": "s0-t5", "whiteSpace": false}, {"text": "tire", "begin": 19, "end": 23, "id": "s0-t6", "whiteSpace": false}, {"text": "and", "begin": 24, "end": 27, "id": "s0-t7", "whiteSpace": false}, {"text": "they", "begin": 28, "end": 32, "id": "s0-t8", "whiteSpace": false}, {"text": "did", "begin": 33, "end": 36, "id": "s0-t9", "whiteSpace": false}, {"text": "a", "begin": 37, "end": 38, "id": "s0-t10", "whiteSpace": false}, {"text": "great", "begin": 39, "end": 44, "id": "s0-t11", "whiteSpace": false}, {"text": "job", "begin": 45, "end": 48, "id": "s0-t12", "whiteSpace": false}, {"text": ".", "begin": 48, "end": 49, "id": "s0-t13", "whiteSpace": false}], "text": "i had a nail in my tire and they did a great job.", "begin": 0, "end": 49, "id": "s0"}, {"tokens": [{"text": "i", "begin": 51, "end": 52, "id": "s1-t0", "whiteSpace": false}, {"text": "was", "begin": 53, "end": 56, "id": "s1-t1", "whiteSpace": false}, {"text": "able", "begin": 57, "end": 61, "id": "s1-t2", "whiteSpace": false}, {"text": "to", "begin": 62, "end": 64, "id": "s1-t3", "whiteSpace": false}, {"text": "get", "begin": 65, "end": 68, "id": "s1-t4", "whiteSpace": false}, {"text": "an", "begin": 69, "end": 71, "id": "s1-t5", "whiteSpace": false}, {"text": "appointment", "begin": 72, "end": 83, "id": "s1-t6", "whiteSpace": false}, {"text": "and", "begin": 84, "end": 87, "id": "s1-t7", "whiteSpace": false}, {"text": "they", "begin": 88, "end": 92, "id": "s1-t8", "whiteSpace": false}, {"text": "got", "begin": 93, "end": 96, "id": "s1-t9", "whiteSpace": false}, {"text": "me", "begin": 97, "end": 99, "id": "s1-t10", "whiteSpace": false}, {"text": "in", "begin": 100, "end": 102, "id": "s1-t11", "whiteSpace": false}, {"text": "and", "begin": 103, "end": 106, "id": "s1-t12", "whiteSpace": false}, {"text": "out", "begin": 107, "end": 110, "id": "s1-t13", "whiteSpace": false}, {"text": "within", "begin": 111, "end": 117, "id": "s1-t14", "whiteSpace": false}, {"text": "an", "begin": 118, "end": 120, "id": "s1-t15", "whiteSpace": false}, {"text": "hour", "begin": 121, "end": 125, "id": "s1-t16", "whiteSpace": false}], "text": "i was able to get an appointment and they got me in and out within an hour", "begin": 51, "end": 125, "id": "s1"}], "modifiedDate": 1590525833573, "docLength": 0, "mentions": [{"begin": 19, "end": 23, "inCoref": false, "properties": {"SIRE_ENTITY_SUBTYPE": "Tires", "SIRE_MENTION_TYPE": "Repair", "SIRE_MENTION_CLASS": "SPC", "SIRE_MENTION_ROLE": "Repair"}, "source": "PREANNOTATION", "type": "Repair", "id": "m1"}], "corefs": [], "id": "8a2a6550-9f91-11ea-9fed-efe5f3c36d5e-17", "userResolved": false}