{"status": "READY", "relations": [], "name": "review_44.txt", "language": "EN", "text": "i got my windows tinted here. i will definitely be back for future services.\n", "createdDate": 0, "typeResolved": true, "documentSet": [], "preannotation": ["PRE_LW"], "version": 3, "sentences": [{"tokens": [{"text": "i", "begin": 0, "end": 1, "id": "s0-t0", "whiteSpace": false}, {"text": "got", "begin": 2, "end": 5, "id": "s0-t1", "whiteSpace": false}, {"text": "my", "begin": 6, "end": 8, "id": "s0-t2", "whiteSpace": false}, {"text": "windows", "begin": 9, "end": 16, "id": "s0-t3", "whiteSpace": false}, {"text": "tinted", "begin": 17, "end": 23, "id": "s0-t4", "whiteSpace": false}, {"text": "here", "begin": 24, "end": 28, "id": "s0-t5", "whiteSpace": false}, {"text": ".", "begin": 28, "end": 29, "id": "s0-t6", "whiteSpace": false}], "text": "i got my windows tinted here.", "begin": 0, "end": 29, "id": "s0"}, {"tokens": [{"text": "i", "begin": 30, "end": 31, "id": "s1-t0", "whiteSpace": false}, {"text": "will", "begin": 32, "end": 36, "id": "s1-t1", "whiteSpace": false}, {"text": "definitely", "begin": 37, "end": 47, "id": "s1-t2", "whiteSpace": false}, {"text": "be", "begin": 48, "end": 50, "id": "s1-t3", "whiteSpace": false}, {"text": "back", "begin": 51, "end": 55, "id": "s1-t4", "whiteSpace": false}, {"text": "for", "begin": 56, "end": 59, "id": "s1-t5", "whiteSpace": false}, {"text": "future", "begin": 60, "end": 66, "id": "s1-t6", "whiteSpace": false}, {"text": "services", "begin": 67, "end": 75, "id": "s1-t7", "whiteSpace": false}, {"text": ".", "begin": 75, "end": 76, "id": "s1-t8", "whiteSpace": false}], "text": "i will definitely be back for future services.", "begin": 30, "end": 76, "id": "s1"}], "modifiedDate": 1590525833573, "docLength": 0, "mentions": [], "corefs": [], "id": "8a2a6550-9f91-11ea-9fed-efe5f3c36d5e-43", "userResolved": false}