{"status": "READY", "relations": [], "name": "review_69.txt", "language": "EN", "text": "the guy who worked on my car engine was done in 20 minutes and they were able to get me in and out in about an hour.  the waiting room was fast and efficient.\n", "createdDate": 0, "typeResolved": true, "documentSet": [], "preannotation": ["PRE_LW"], "version": 3, "sentences": [{"tokens": [{"text": "the", "begin": 0, "end": 3, "id": "s0-t0", "whiteSpace": false}, {"text": "guy", "begin": 4, "end": 7, "id": "s0-t1", "whiteSpace": false}, {"text": "who", "begin": 8, "end": 11, "id": "s0-t2", "whiteSpace": false}, {"text": "worked", "begin": 12, "end": 18, "id": "s0-t3", "whiteSpace": false}, {"text": "on", "begin": 19, "end": 21, "id": "s0-t4", "whiteSpace": false}, {"text": "my", "begin": 22, "end": 24, "id": "s0-t5", "whiteSpace": false}, {"text": "car", "begin": 25, "end": 28, "id": "s0-t6", "whiteSpace": false}, {"text": "engine", "begin": 29, "end": 35, "id": "s0-t7", "whiteSpace": false}, {"text": "was", "begin": 36, "end": 39, "id": "s0-t8", "whiteSpace": false}, {"text": "done", "begin": 40, "end": 44, "id": "s0-t9", "whiteSpace": false}, {"text": "in", "begin": 45, "end": 47, "id": "s0-t10", "whiteSpace": false}, {"text": "20", "begin": 48, "end": 50, "id": "s0-t11", "whiteSpace": false}, {"text": "minutes", "begin": 51, "end": 58, "id": "s0-t12", "whiteSpace": false}, {"text": "and", "begin": 59, "end": 62, "id": "s0-t13", "whiteSpace": false}, {"text": "they", "begin": 63, "end": 67, "id": "s0-t14", "whiteSpace": false}, {"text": "were", "begin": 68, "end": 72, "id": "s0-t15", "whiteSpace": false}, {"text": "able", "begin": 73, "end": 77, "id": "s0-t16", "whiteSpace": false}, {"text": "to", "begin": 78, "end": 80, "id": "s0-t17", "whiteSpace": false}, {"text": "get", "begin": 81, "end": 84, "id": "s0-t18", "whiteSpace": false}, {"text": "me", "begin": 85, "end": 87, "id": "s0-t19", "whiteSpace": false}, {"text": "in", "begin": 88, "end": 90, "id": "s0-t20", "whiteSpace": false}, {"text": "and", "begin": 91, "end": 94, "id": "s0-t21", "whiteSpace": false}, {"text": "out", "begin": 95, "end": 98, "id": "s0-t22", "whiteSpace": false}, {"text": "in", "begin": 99, "end": 101, "id": "s0-t23", "whiteSpace": false}, {"text": "about", "begin": 102, "end": 107, "id": "s0-t24", "whiteSpace": false}, {"text": "an", "begin": 108, "end": 110, "id": "s0-t25", "whiteSpace": false}, {"text": "hour", "begin": 111, "end": 115, "id": "s0-t26", "whiteSpace": false}, {"text": ".", "begin": 115, "end": 116, "id": "s0-t27", "whiteSpace": false}], "text": "the guy who worked on my car engine was done in 20 minutes and they were able to get me in and out in about an hour.", "begin": 0, "end": 116, "id": "s0"}, {"tokens": [{"text": "the", "begin": 118, "end": 121, "id": "s1-t0", "whiteSpace": false}, {"text": "waiting", "begin": 122, "end": 129, "id": "s1-t1", "whiteSpace": false}, {"text": "room", "begin": 130, "end": 134, "id": "s1-t2", "whiteSpace": false}, {"text": "was", "begin": 135, "end": 138, "id": "s1-t3", "whiteSpace": false}, {"text": "fast", "begin": 139, "end": 143, "id": "s1-t4", "whiteSpace": false}, {"text": "and", "begin": 144, "end": 147, "id": "s1-t5", "whiteSpace": false}, {"text": "efficient", "begin": 148, "end": 157, "id": "s1-t6", "whiteSpace": false}, {"text": ".", "begin": 157, "end": 158, "id": "s1-t7", "whiteSpace": false}], "text": "the waiting room was fast and efficient.", "begin": 118, "end": 158, "id": "s1"}], "modifiedDate": 1590525833573, "docLength": 0, "mentions": [{"begin": 29, "end": 35, "inCoref": false, "properties": {"SIRE_ENTITY_SUBTYPE": "Engine", "SIRE_MENTION_TYPE": "Repair", "SIRE_MENTION_CLASS": "SPC", "SIRE_MENTION_ROLE": "Repair"}, "source": "PREANNOTATION", "type": "Repair", "id": "m1"}], "corefs": [], "id": "8a2a6550-9f91-11ea-9fed-efe5f3c36d5e-68", "userResolved": false}