{"status": "READY", "relations": [], "name": "review_11.txt", "language": "EN", "text": "i was very satisfied with the price of tint on my car and they said the best price and they do a great job.\n", "createdDate": 0, "typeResolved": true, "documentSet": [], "preannotation": ["PRE_LW"], "version": 3, "sentences": [{"tokens": [{"text": "i", "begin": 0, "end": 1, "id": "s0-t0", "whiteSpace": false}, {"text": "was", "begin": 2, "end": 5, "id": "s0-t1", "whiteSpace": false}, {"text": "very", "begin": 6, "end": 10, "id": "s0-t2", "whiteSpace": false}, {"text": "satisfied", "begin": 11, "end": 20, "id": "s0-t3", "whiteSpace": false}, {"text": "with", "begin": 21, "end": 25, "id": "s0-t4", "whiteSpace": false}, {"text": "the", "begin": 26, "end": 29, "id": "s0-t5", "whiteSpace": false}, {"text": "price", "begin": 30, "end": 35, "id": "s0-t6", "whiteSpace": false}, {"text": "of", "begin": 36, "end": 38, "id": "s0-t7", "whiteSpace": false}, {"text": "tint", "begin": 39, "end": 43, "id": "s0-t8", "whiteSpace": false}, {"text": "on", "begin": 44, "end": 46, "id": "s0-t9", "whiteSpace": false}, {"text": "my", "begin": 47, "end": 49, "id": "s0-t10", "whiteSpace": false}, {"text": "car", "begin": 50, "end": 53, "id": "s0-t11", "whiteSpace": false}, {"text": "and", "begin": 54, "end": 57, "id": "s0-t12", "whiteSpace": false}, {"text": "they", "begin": 58, "end": 62, "id": "s0-t13", "whiteSpace": false}, {"text": "said", "begin": 63, "end": 67, "id": "s0-t14", "whiteSpace": false}, {"text": "the", "begin": 68, "end": 71, "id": "s0-t15", "whiteSpace": false}, {"text": "best", "begin": 72, "end": 76, "id": "s0-t16", "whiteSpace": false}, {"text": "price", "begin": 77, "end": 82, "id": "s0-t17", "whiteSpace": false}, {"text": "and", "begin": 83, "end": 86, "id": "s0-t18", "whiteSpace": false}, {"text": "they", "begin": 87, "end": 91, "id": "s0-t19", "whiteSpace": false}, {"text": "do", "begin": 92, "end": 94, "id": "s0-t20", "whiteSpace": false}, {"text": "a", "begin": 95, "end": 96, "id": "s0-t21", "whiteSpace": false}, {"text": "great", "begin": 97, "end": 102, "id": "s0-t22", "whiteSpace": false}, {"text": "job", "begin": 103, "end": 106, "id": "s0-t23", "whiteSpace": false}, {"text": ".", "begin": 106, "end": 107, "id": "s0-t24", "whiteSpace": false}], "text": "i was very satisfied with the price of tint on my car and they said the best price and they do a great job.", "begin": 0, "end": 107, "id": "s0"}], "modifiedDate": 1590525833573, "docLength": 0, "mentions": [], "corefs": [], "id": "8a2a6550-9f91-11ea-9fed-efe5f3c36d5e-10", "userResolved": false}